2025-04-11 22:22:56,996 (INFO) - django.utils.autoreload - Watching for file changes with StatReloader
2025-04-11 22:22:57,058 (WARNING) - silk.profiling.profiler - Cannot execute silk_profile as silk is not installed correctly.
2025-04-11 22:23:04,622 (WARNING) - django.request - Not Found: /playground/
2025-04-11 22:23:10,519 (INFO) - playground.views - Calling httpbin
2025-04-11 22:23:14,207 (INFO) - playground.views - Received the response
2025-04-11 22:33:58,668 (INFO) - django.utils.autoreload - /Users/mac/Movies/backend/tutorial_3/storefront3/manage.py changed, reloading.
2025-04-11 22:35:21,308 (INFO) - django.utils.autoreload - Watching for file changes with StatReloader
2025-04-11 22:36:11,742 (INFO) - django.utils.autoreload - /Users/mac/Movies/backend/tutorial_3/storefront3/storefront/settings/dev.py changed, reloading.
2025-04-11 22:36:12,117 (INFO) - django.utils.autoreload - Watching for file changes with StatReloader
2025-04-11 22:36:13,246 (INFO) - django.utils.autoreload - /Users/mac/Movies/backend/tutorial_3/storefront3/storefront/settings/dev.py changed, reloading.
2025-04-11 22:36:13,636 (INFO) - django.utils.autoreload - Watching for file changes with StatReloader
2025-04-11 22:36:33,265 (INFO) - django.utils.autoreload - Watching for file changes with StatReloader
2025-04-11 22:46:06,054 (INFO) - django.utils.autoreload - Watching for file changes with StatReloader
2025-04-11 22:46:06,135 (WARNING) - silk.profiling.profiler - Cannot execute silk_profile as silk is not installed correctly.
2025-04-11 22:46:41,744 (WARNING) - django.request - Unauthorized: /store/collections/
2025-04-11 22:46:41,750 (WARNING) - django.request - Forbidden: /store/collections/
2025-04-11 22:46:41,753 (WARNING) - django.request - Bad Request: /store/collections/
2025-04-11 22:48:14,929 (INFO) - django.utils.autoreload - /Users/mac/Movies/backend/tutorial_3/storefront3/storefront/settings/common.py changed, reloading.
2025-04-11 22:48:15,459 (INFO) - django.utils.autoreload - Watching for file changes with StatReloader
2025-04-11 22:48:15,528 (WARNING) - silk.profiling.profiler - Cannot execute silk_profile as silk is not installed correctly.
2025-04-11 22:48:20,589 (WARNING) - django.request - Unauthorized: /store/collections/
2025-04-11 22:48:20,610 (WARNING) - django.request - Forbidden: /store/collections/
2025-04-11 22:48:20,642 (WARNING) - django.request - Bad Request: /store/collections/
2025-04-11 23:21:20,516 (WARNING) - silk.profiling.profiler - Cannot execute silk_profile as silk is not installed correctly.
2025-04-11 23:21:20,527 (INFO) - playground.views - Calling httpbin
2025-04-11 23:21:23,765 (INFO) - playground.views - Received the response
2025-04-12 00:03:35,442 (INFO) - django.utils.autoreload - Watching for file changes with StatReloader
2025-04-12 00:03:35,514 (WARNING) - silk.profiling.profiler - Cannot execute silk_profile as silk is not installed correctly.
2025-04-12 00:03:45,835 (WARNING) - django.request - Not Found: /favicon.ico
2025-04-12 00:04:04,398 (WARNING) - django.request - Not Found: /store/swagger
2025-04-12 00:04:19,777 (WARNING) - silk.profiling.profiler - Cannot execute silk_profile as silk is not installed correctly.
2025-04-12 00:04:20,074 (WARNING) - drf_yasg.inspectors.base - view's OrderViewSet raised exception during schema generation; use `getattr(self, 'swagger_fake_view', False)` to detect and short-circuit this
Traceback (most recent call last):
  File "/Users/mac/.local/share/virtualenvs/storefront3-7A2ZaXMV/lib/python3.9/site-packages/drf_yasg/inspectors/base.py", line 42, in call_view_method
    return view_method()
  File "/Users/mac/Movies/backend/tutorial_3/storefront3/store/views.py", line 322, in get_queryset
    customer_id = Customer.objects.only('id').get(user_id=user.id)
  File "/Users/mac/.local/share/virtualenvs/storefront3-7A2ZaXMV/lib/python3.9/site-packages/django/db/models/query.py", line 637, in get
    raise self.model.DoesNotExist(
store.models.Customer.DoesNotExist: Customer matching query does not exist.
2025-04-12 00:04:20,080 (WARNING) - drf_yasg.inspectors.base - view's ReviewViewSet raised exception during schema generation; use `getattr(self, 'swagger_fake_view', False)` to detect and short-circuit this
Traceback (most recent call last):
  File "/Users/mac/.local/share/virtualenvs/storefront3-7A2ZaXMV/lib/python3.9/site-packages/drf_yasg/inspectors/base.py", line 42, in call_view_method
    return view_method()
  File "/Users/mac/Movies/backend/tutorial_3/storefront3/store/views.py", line 234, in get_queryset
    return Review.objects.filter(product_id=self.kwargs['product_pk'])
KeyError: 'product_pk'
2025-04-12 00:04:20,081 (WARNING) - drf_yasg.inspectors.base - view's ProductImageViewSet raised exception during schema generation; use `getattr(self, 'swagger_fake_view', False)` to detect and short-circuit this
Traceback (most recent call last):
  File "/Users/mac/.local/share/virtualenvs/storefront3-7A2ZaXMV/lib/python3.9/site-packages/drf_yasg/inspectors/base.py", line 42, in call_view_method
    return view_method()
  File "/Users/mac/Movies/backend/tutorial_3/storefront3/store/views.py", line 193, in get_queryset
    return ProductImage.objects.filter(product_id=self.kwargs['product_pk'])
KeyError: 'product_pk'
2025-04-12 00:04:20,081 (WARNING) - drf_yasg.inspectors.base - view's CartItemViewSet raised exception during schema generation; use `getattr(self, 'swagger_fake_view', False)` to detect and short-circuit this
Traceback (most recent call last):
  File "/Users/mac/.local/share/virtualenvs/storefront3-7A2ZaXMV/lib/python3.9/site-packages/drf_yasg/inspectors/base.py", line 42, in call_view_method
    return view_method()
  File "/Users/mac/Movies/backend/tutorial_3/storefront3/store/views.py", line 269, in get_queryset
    .filter(cart_id=self.kwargs['cart_pk'])
KeyError: 'cart_pk'
2025-04-12 00:04:20,081 (WARNING) - drf_yasg.inspectors.base - view's ReviewViewSet raised exception during schema generation; use `getattr(self, 'swagger_fake_view', False)` to detect and short-circuit this
Traceback (most recent call last):
  File "/Users/mac/.local/share/virtualenvs/storefront3-7A2ZaXMV/lib/python3.9/site-packages/drf_yasg/inspectors/base.py", line 42, in call_view_method
    return view_method()
  File "/Users/mac/Movies/backend/tutorial_3/storefront3/store/views.py", line 234, in get_queryset
    return Review.objects.filter(product_id=self.kwargs['product_pk'])
KeyError: 'product_pk'
2025-04-12 00:04:20,082 (WARNING) - drf_yasg.inspectors.base - view's ProductImageViewSet raised exception during schema generation; use `getattr(self, 'swagger_fake_view', False)` to detect and short-circuit this
Traceback (most recent call last):
  File "/Users/mac/.local/share/virtualenvs/storefront3-7A2ZaXMV/lib/python3.9/site-packages/drf_yasg/inspectors/base.py", line 42, in call_view_method
    return view_method()
  File "/Users/mac/Movies/backend/tutorial_3/storefront3/store/views.py", line 193, in get_queryset
    return ProductImage.objects.filter(product_id=self.kwargs['product_pk'])
KeyError: 'product_pk'
2025-04-12 00:04:20,082 (WARNING) - drf_yasg.inspectors.base - view's OrderViewSet raised exception during schema generation; use `getattr(self, 'swagger_fake_view', False)` to detect and short-circuit this
Traceback (most recent call last):
  File "/Users/mac/.local/share/virtualenvs/storefront3-7A2ZaXMV/lib/python3.9/site-packages/drf_yasg/inspectors/base.py", line 42, in call_view_method
    return view_method()
  File "/Users/mac/Movies/backend/tutorial_3/storefront3/store/views.py", line 322, in get_queryset
    customer_id = Customer.objects.only('id').get(user_id=user.id)
  File "/Users/mac/.local/share/virtualenvs/storefront3-7A2ZaXMV/lib/python3.9/site-packages/django/db/models/query.py", line 637, in get
    raise self.model.DoesNotExist(
store.models.Customer.DoesNotExist: Customer matching query does not exist.
2025-04-12 00:04:20,083 (WARNING) - drf_yasg.inspectors.base - view's ReviewViewSet raised exception during schema generation; use `getattr(self, 'swagger_fake_view', False)` to detect and short-circuit this
Traceback (most recent call last):
  File "/Users/mac/.local/share/virtualenvs/storefront3-7A2ZaXMV/lib/python3.9/site-packages/drf_yasg/inspectors/base.py", line 42, in call_view_method
    return view_method()
  File "/Users/mac/Movies/backend/tutorial_3/storefront3/store/views.py", line 234, in get_queryset
    return Review.objects.filter(product_id=self.kwargs['product_pk'])
KeyError: 'product_pk'
2025-04-12 00:04:20,083 (WARNING) - drf_yasg.inspectors.base - view's ProductImageViewSet raised exception during schema generation; use `getattr(self, 'swagger_fake_view', False)` to detect and short-circuit this
Traceback (most recent call last):
  File "/Users/mac/.local/share/virtualenvs/storefront3-7A2ZaXMV/lib/python3.9/site-packages/drf_yasg/inspectors/base.py", line 42, in call_view_method
    return view_method()
  File "/Users/mac/Movies/backend/tutorial_3/storefront3/store/views.py", line 193, in get_queryset
    return ProductImage.objects.filter(product_id=self.kwargs['product_pk'])
KeyError: 'product_pk'
2025-04-12 00:04:20,083 (WARNING) - drf_yasg.inspectors.base - view's CartItemViewSet raised exception during schema generation; use `getattr(self, 'swagger_fake_view', False)` to detect and short-circuit this
Traceback (most recent call last):
  File "/Users/mac/.local/share/virtualenvs/storefront3-7A2ZaXMV/lib/python3.9/site-packages/drf_yasg/inspectors/base.py", line 42, in call_view_method
    return view_method()
  File "/Users/mac/Movies/backend/tutorial_3/storefront3/store/views.py", line 269, in get_queryset
    .filter(cart_id=self.kwargs['cart_pk'])
KeyError: 'cart_pk'
2025-04-12 00:04:20,084 (WARNING) - drf_yasg.inspectors.base - view's OrderViewSet raised exception during schema generation; use `getattr(self, 'swagger_fake_view', False)` to detect and short-circuit this
Traceback (most recent call last):
  File "/Users/mac/.local/share/virtualenvs/storefront3-7A2ZaXMV/lib/python3.9/site-packages/drf_yasg/inspectors/base.py", line 42, in call_view_method
    return view_method()
  File "/Users/mac/Movies/backend/tutorial_3/storefront3/store/views.py", line 322, in get_queryset
    customer_id = Customer.objects.only('id').get(user_id=user.id)
  File "/Users/mac/.local/share/virtualenvs/storefront3-7A2ZaXMV/lib/python3.9/site-packages/django/db/models/query.py", line 637, in get
    raise self.model.DoesNotExist(
store.models.Customer.DoesNotExist: Customer matching query does not exist.
2025-04-12 00:04:20,084 (WARNING) - drf_yasg.inspectors.base - view's ReviewViewSet raised exception during schema generation; use `getattr(self, 'swagger_fake_view', False)` to detect and short-circuit this
Traceback (most recent call last):
  File "/Users/mac/.local/share/virtualenvs/storefront3-7A2ZaXMV/lib/python3.9/site-packages/drf_yasg/inspectors/base.py", line 42, in call_view_method
    return view_method()
  File "/Users/mac/Movies/backend/tutorial_3/storefront3/store/views.py", line 234, in get_queryset
    return Review.objects.filter(product_id=self.kwargs['product_pk'])
KeyError: 'product_pk'
2025-04-12 00:04:20,084 (WARNING) - drf_yasg.inspectors.base - view's ProductImageViewSet raised exception during schema generation; use `getattr(self, 'swagger_fake_view', False)` to detect and short-circuit this
Traceback (most recent call last):
  File "/Users/mac/.local/share/virtualenvs/storefront3-7A2ZaXMV/lib/python3.9/site-packages/drf_yasg/inspectors/base.py", line 42, in call_view_method
    return view_method()
  File "/Users/mac/Movies/backend/tutorial_3/storefront3/store/views.py", line 193, in get_queryset
    return ProductImage.objects.filter(product_id=self.kwargs['product_pk'])
KeyError: 'product_pk'
2025-04-12 00:04:20,085 (WARNING) - drf_yasg.inspectors.base - view's CartItemViewSet raised exception during schema generation; use `getattr(self, 'swagger_fake_view', False)` to detect and short-circuit this
Traceback (most recent call last):
  File "/Users/mac/.local/share/virtualenvs/storefront3-7A2ZaXMV/lib/python3.9/site-packages/drf_yasg/inspectors/base.py", line 42, in call_view_method
    return view_method()
  File "/Users/mac/Movies/backend/tutorial_3/storefront3/store/views.py", line 269, in get_queryset
    .filter(cart_id=self.kwargs['cart_pk'])
KeyError: 'cart_pk'
2025-04-12 00:04:20,126 (ERROR) - django.request - Internal Server Error: /store/swagger/
Traceback (most recent call last):
  File "/Users/mac/.local/share/virtualenvs/storefront3-7A2ZaXMV/lib/python3.9/site-packages/django/core/handlers/exception.py", line 55, in inner
    response = get_response(request)
  File "/Users/mac/.local/share/virtualenvs/storefront3-7A2ZaXMV/lib/python3.9/site-packages/django/core/handlers/base.py", line 197, in _get_response
    response = wrapped_callback(request, *callback_args, **callback_kwargs)
  File "/Users/mac/.local/share/virtualenvs/storefront3-7A2ZaXMV/lib/python3.9/site-packages/django/views/decorators/csrf.py", line 56, in wrapper_view
    return view_func(*args, **kwargs)
  File "/Users/mac/.local/share/virtualenvs/storefront3-7A2ZaXMV/lib/python3.9/site-packages/django/views/generic/base.py", line 104, in view
    return self.dispatch(request, *args, **kwargs)
  File "/Users/mac/.local/share/virtualenvs/storefront3-7A2ZaXMV/lib/python3.9/site-packages/rest_framework/views.py", line 515, in dispatch
    response = self.handle_exception(exc)
  File "/Users/mac/.local/share/virtualenvs/storefront3-7A2ZaXMV/lib/python3.9/site-packages/rest_framework/views.py", line 475, in handle_exception
    self.raise_uncaught_exception(exc)
  File "/Users/mac/.local/share/virtualenvs/storefront3-7A2ZaXMV/lib/python3.9/site-packages/rest_framework/views.py", line 486, in raise_uncaught_exception
    raise exc
  File "/Users/mac/.local/share/virtualenvs/storefront3-7A2ZaXMV/lib/python3.9/site-packages/rest_framework/views.py", line 512, in dispatch
    response = handler(request, *args, **kwargs)
  File "/Users/mac/.local/share/virtualenvs/storefront3-7A2ZaXMV/lib/python3.9/site-packages/drf_yasg/views.py", line 112, in get
    schema = generator.get_schema(request, self.public)
  File "/Users/mac/.local/share/virtualenvs/storefront3-7A2ZaXMV/lib/python3.9/site-packages/drf_yasg/generators.py", line 276, in get_schema
    paths, prefix = self.get_paths(endpoints, components, request, public)
  File "/Users/mac/.local/share/virtualenvs/storefront3-7A2ZaXMV/lib/python3.9/site-packages/drf_yasg/generators.py", line 482, in get_paths
    operation = self.get_operation(view, path, prefix, method, components, request)
  File "/Users/mac/.local/share/virtualenvs/storefront3-7A2ZaXMV/lib/python3.9/site-packages/drf_yasg/generators.py", line 524, in get_operation
    operation = view_inspector.get_operation(operation_keys)
  File "/Users/mac/.local/share/virtualenvs/storefront3-7A2ZaXMV/lib/python3.9/site-packages/drf_yasg/inspectors/view.py", line 45, in get_operation
    responses = self.get_responses()
  File "/Users/mac/.local/share/virtualenvs/storefront3-7A2ZaXMV/lib/python3.9/site-packages/drf_yasg/inspectors/view.py", line 180, in get_responses
    response_serializers = self.get_response_serializers()
  File "/Users/mac/.local/share/virtualenvs/storefront3-7A2ZaXMV/lib/python3.9/site-packages/drf_yasg/inspectors/view.py", line 235, in get_response_serializers
    responses = self.get_default_responses()
  File "/Users/mac/.local/share/virtualenvs/storefront3-7A2ZaXMV/lib/python3.9/site-packages/drf_yasg/inspectors/view.py", line 211, in get_default_responses
    default_schema = self.serializer_to_schema(default_schema) or ''
  File "/Users/mac/.local/share/virtualenvs/storefront3-7A2ZaXMV/lib/python3.9/site-packages/drf_yasg/inspectors/base.py", line 438, in serializer_to_schema
    return self.probe_inspectors(
  File "/Users/mac/.local/share/virtualenvs/storefront3-7A2ZaXMV/lib/python3.9/site-packages/drf_yasg/inspectors/base.py", line 110, in probe_inspectors
    result = method(obj, **kwargs)
  File "/Users/mac/.local/share/virtualenvs/storefront3-7A2ZaXMV/lib/python3.9/site-packages/drf_yasg/inspectors/field.py", line 49, in get_schema
    return self.probe_field_inspectors(serializer, openapi.Schema, self.use_definitions)
  File "/Users/mac/.local/share/virtualenvs/storefront3-7A2ZaXMV/lib/python3.9/site-packages/drf_yasg/inspectors/base.py", line 228, in probe_field_inspectors
    return self.probe_inspectors(
  File "/Users/mac/.local/share/virtualenvs/storefront3-7A2ZaXMV/lib/python3.9/site-packages/drf_yasg/inspectors/base.py", line 110, in probe_inspectors
    result = method(obj, **kwargs)
  File "/Users/mac/.local/share/virtualenvs/storefront3-7A2ZaXMV/lib/python3.9/site-packages/drf_yasg/inspectors/field.py", line 148, in field_to_swagger_object
    raise SwaggerGenerationError(
drf_yasg.errors.SwaggerGenerationError: Schema for <class 'djoser.serializers.UserSerializer'> would override distinct serializer <class 'core.serializers.UserSerializer'> because they implicitly share the same ref_name; explicitly set the ref_name attribute on both serializers' Meta classes
2025-04-12 00:04:34,466 (WARNING) - django.request - Not Found: /swagger/
2025-04-12 00:05:17,089 (WARNING) - django.request - Not Found: /swagger/
2025-04-12 00:05:23,881 (WARNING) - django.request - Not Found: /favicon.ico
2025-04-12 00:05:35,646 (WARNING) - drf_yasg.inspectors.base - view's OrderViewSet raised exception during schema generation; use `getattr(self, 'swagger_fake_view', False)` to detect and short-circuit this
Traceback (most recent call last):
  File "/Users/mac/.local/share/virtualenvs/storefront3-7A2ZaXMV/lib/python3.9/site-packages/drf_yasg/inspectors/base.py", line 42, in call_view_method
    return view_method()
  File "/Users/mac/Movies/backend/tutorial_3/storefront3/store/views.py", line 322, in get_queryset
    customer_id = Customer.objects.only('id').get(user_id=user.id)
  File "/Users/mac/.local/share/virtualenvs/storefront3-7A2ZaXMV/lib/python3.9/site-packages/django/db/models/query.py", line 637, in get
    raise self.model.DoesNotExist(
store.models.Customer.DoesNotExist: Customer matching query does not exist.
2025-04-12 00:05:35,647 (WARNING) - drf_yasg.inspectors.base - view's ReviewViewSet raised exception during schema generation; use `getattr(self, 'swagger_fake_view', False)` to detect and short-circuit this
Traceback (most recent call last):
  File "/Users/mac/.local/share/virtualenvs/storefront3-7A2ZaXMV/lib/python3.9/site-packages/drf_yasg/inspectors/base.py", line 42, in call_view_method
    return view_method()
  File "/Users/mac/Movies/backend/tutorial_3/storefront3/store/views.py", line 234, in get_queryset
    return Review.objects.filter(product_id=self.kwargs['product_pk'])
KeyError: 'product_pk'
2025-04-12 00:05:35,648 (WARNING) - drf_yasg.inspectors.base - view's ProductImageViewSet raised exception during schema generation; use `getattr(self, 'swagger_fake_view', False)` to detect and short-circuit this
Traceback (most recent call last):
  File "/Users/mac/.local/share/virtualenvs/storefront3-7A2ZaXMV/lib/python3.9/site-packages/drf_yasg/inspectors/base.py", line 42, in call_view_method
    return view_method()
  File "/Users/mac/Movies/backend/tutorial_3/storefront3/store/views.py", line 193, in get_queryset
    return ProductImage.objects.filter(product_id=self.kwargs['product_pk'])
KeyError: 'product_pk'
2025-04-12 00:05:35,648 (WARNING) - drf_yasg.inspectors.base - view's CartItemViewSet raised exception during schema generation; use `getattr(self, 'swagger_fake_view', False)` to detect and short-circuit this
Traceback (most recent call last):
  File "/Users/mac/.local/share/virtualenvs/storefront3-7A2ZaXMV/lib/python3.9/site-packages/drf_yasg/inspectors/base.py", line 42, in call_view_method
    return view_method()
  File "/Users/mac/Movies/backend/tutorial_3/storefront3/store/views.py", line 269, in get_queryset
    .filter(cart_id=self.kwargs['cart_pk'])
KeyError: 'cart_pk'
2025-04-12 00:05:35,649 (WARNING) - drf_yasg.inspectors.base - view's ReviewViewSet raised exception during schema generation; use `getattr(self, 'swagger_fake_view', False)` to detect and short-circuit this
Traceback (most recent call last):
  File "/Users/mac/.local/share/virtualenvs/storefront3-7A2ZaXMV/lib/python3.9/site-packages/drf_yasg/inspectors/base.py", line 42, in call_view_method
    return view_method()
  File "/Users/mac/Movies/backend/tutorial_3/storefront3/store/views.py", line 234, in get_queryset
    return Review.objects.filter(product_id=self.kwargs['product_pk'])
KeyError: 'product_pk'
2025-04-12 00:05:35,649 (WARNING) - drf_yasg.inspectors.base - view's ProductImageViewSet raised exception during schema generation; use `getattr(self, 'swagger_fake_view', False)` to detect and short-circuit this
Traceback (most recent call last):
  File "/Users/mac/.local/share/virtualenvs/storefront3-7A2ZaXMV/lib/python3.9/site-packages/drf_yasg/inspectors/base.py", line 42, in call_view_method
    return view_method()
  File "/Users/mac/Movies/backend/tutorial_3/storefront3/store/views.py", line 193, in get_queryset
    return ProductImage.objects.filter(product_id=self.kwargs['product_pk'])
KeyError: 'product_pk'
2025-04-12 00:05:35,650 (WARNING) - drf_yasg.inspectors.base - view's OrderViewSet raised exception during schema generation; use `getattr(self, 'swagger_fake_view', False)` to detect and short-circuit this
Traceback (most recent call last):
  File "/Users/mac/.local/share/virtualenvs/storefront3-7A2ZaXMV/lib/python3.9/site-packages/drf_yasg/inspectors/base.py", line 42, in call_view_method
    return view_method()
  File "/Users/mac/Movies/backend/tutorial_3/storefront3/store/views.py", line 322, in get_queryset
    customer_id = Customer.objects.only('id').get(user_id=user.id)
  File "/Users/mac/.local/share/virtualenvs/storefront3-7A2ZaXMV/lib/python3.9/site-packages/django/db/models/query.py", line 637, in get
    raise self.model.DoesNotExist(
store.models.Customer.DoesNotExist: Customer matching query does not exist.
2025-04-12 00:05:35,650 (WARNING) - drf_yasg.inspectors.base - view's ReviewViewSet raised exception during schema generation; use `getattr(self, 'swagger_fake_view', False)` to detect and short-circuit this
Traceback (most recent call last):
  File "/Users/mac/.local/share/virtualenvs/storefront3-7A2ZaXMV/lib/python3.9/site-packages/drf_yasg/inspectors/base.py", line 42, in call_view_method
    return view_method()
  File "/Users/mac/Movies/backend/tutorial_3/storefront3/store/views.py", line 234, in get_queryset
    return Review.objects.filter(product_id=self.kwargs['product_pk'])
KeyError: 'product_pk'
2025-04-12 00:05:35,650 (WARNING) - drf_yasg.inspectors.base - view's ProductImageViewSet raised exception during schema generation; use `getattr(self, 'swagger_fake_view', False)` to detect and short-circuit this
Traceback (most recent call last):
  File "/Users/mac/.local/share/virtualenvs/storefront3-7A2ZaXMV/lib/python3.9/site-packages/drf_yasg/inspectors/base.py", line 42, in call_view_method
    return view_method()
  File "/Users/mac/Movies/backend/tutorial_3/storefront3/store/views.py", line 193, in get_queryset
    return ProductImage.objects.filter(product_id=self.kwargs['product_pk'])
KeyError: 'product_pk'
2025-04-12 00:05:35,650 (WARNING) - drf_yasg.inspectors.base - view's CartItemViewSet raised exception during schema generation; use `getattr(self, 'swagger_fake_view', False)` to detect and short-circuit this
Traceback (most recent call last):
  File "/Users/mac/.local/share/virtualenvs/storefront3-7A2ZaXMV/lib/python3.9/site-packages/drf_yasg/inspectors/base.py", line 42, in call_view_method
    return view_method()
  File "/Users/mac/Movies/backend/tutorial_3/storefront3/store/views.py", line 269, in get_queryset
    .filter(cart_id=self.kwargs['cart_pk'])
KeyError: 'cart_pk'
2025-04-12 00:05:35,651 (WARNING) - drf_yasg.inspectors.base - view's OrderViewSet raised exception during schema generation; use `getattr(self, 'swagger_fake_view', False)` to detect and short-circuit this
Traceback (most recent call last):
  File "/Users/mac/.local/share/virtualenvs/storefront3-7A2ZaXMV/lib/python3.9/site-packages/drf_yasg/inspectors/base.py", line 42, in call_view_method
    return view_method()
  File "/Users/mac/Movies/backend/tutorial_3/storefront3/store/views.py", line 322, in get_queryset
    customer_id = Customer.objects.only('id').get(user_id=user.id)
  File "/Users/mac/.local/share/virtualenvs/storefront3-7A2ZaXMV/lib/python3.9/site-packages/django/db/models/query.py", line 637, in get
    raise self.model.DoesNotExist(
store.models.Customer.DoesNotExist: Customer matching query does not exist.
2025-04-12 00:05:35,651 (WARNING) - drf_yasg.inspectors.base - view's ReviewViewSet raised exception during schema generation; use `getattr(self, 'swagger_fake_view', False)` to detect and short-circuit this
Traceback (most recent call last):
  File "/Users/mac/.local/share/virtualenvs/storefront3-7A2ZaXMV/lib/python3.9/site-packages/drf_yasg/inspectors/base.py", line 42, in call_view_method
    return view_method()
  File "/Users/mac/Movies/backend/tutorial_3/storefront3/store/views.py", line 234, in get_queryset
    return Review.objects.filter(product_id=self.kwargs['product_pk'])
KeyError: 'product_pk'
2025-04-12 00:05:35,652 (WARNING) - drf_yasg.inspectors.base - view's ProductImageViewSet raised exception during schema generation; use `getattr(self, 'swagger_fake_view', False)` to detect and short-circuit this
Traceback (most recent call last):
  File "/Users/mac/.local/share/virtualenvs/storefront3-7A2ZaXMV/lib/python3.9/site-packages/drf_yasg/inspectors/base.py", line 42, in call_view_method
    return view_method()
  File "/Users/mac/Movies/backend/tutorial_3/storefront3/store/views.py", line 193, in get_queryset
    return ProductImage.objects.filter(product_id=self.kwargs['product_pk'])
KeyError: 'product_pk'
2025-04-12 00:05:35,653 (WARNING) - drf_yasg.inspectors.base - view's CartItemViewSet raised exception during schema generation; use `getattr(self, 'swagger_fake_view', False)` to detect and short-circuit this
Traceback (most recent call last):
  File "/Users/mac/.local/share/virtualenvs/storefront3-7A2ZaXMV/lib/python3.9/site-packages/drf_yasg/inspectors/base.py", line 42, in call_view_method
    return view_method()
  File "/Users/mac/Movies/backend/tutorial_3/storefront3/store/views.py", line 269, in get_queryset
    .filter(cart_id=self.kwargs['cart_pk'])
KeyError: 'cart_pk'
2025-04-12 00:05:35,690 (ERROR) - django.request - Internal Server Error: /store/swagger/
Traceback (most recent call last):
  File "/Users/mac/.local/share/virtualenvs/storefront3-7A2ZaXMV/lib/python3.9/site-packages/django/core/handlers/exception.py", line 55, in inner
    response = get_response(request)
  File "/Users/mac/.local/share/virtualenvs/storefront3-7A2ZaXMV/lib/python3.9/site-packages/django/core/handlers/base.py", line 197, in _get_response
    response = wrapped_callback(request, *callback_args, **callback_kwargs)
  File "/Users/mac/.local/share/virtualenvs/storefront3-7A2ZaXMV/lib/python3.9/site-packages/django/views/decorators/csrf.py", line 56, in wrapper_view
    return view_func(*args, **kwargs)
  File "/Users/mac/.local/share/virtualenvs/storefront3-7A2ZaXMV/lib/python3.9/site-packages/django/views/generic/base.py", line 104, in view
    return self.dispatch(request, *args, **kwargs)
  File "/Users/mac/.local/share/virtualenvs/storefront3-7A2ZaXMV/lib/python3.9/site-packages/rest_framework/views.py", line 515, in dispatch
    response = self.handle_exception(exc)
  File "/Users/mac/.local/share/virtualenvs/storefront3-7A2ZaXMV/lib/python3.9/site-packages/rest_framework/views.py", line 475, in handle_exception
    self.raise_uncaught_exception(exc)
  File "/Users/mac/.local/share/virtualenvs/storefront3-7A2ZaXMV/lib/python3.9/site-packages/rest_framework/views.py", line 486, in raise_uncaught_exception
    raise exc
  File "/Users/mac/.local/share/virtualenvs/storefront3-7A2ZaXMV/lib/python3.9/site-packages/rest_framework/views.py", line 512, in dispatch
    response = handler(request, *args, **kwargs)
  File "/Users/mac/.local/share/virtualenvs/storefront3-7A2ZaXMV/lib/python3.9/site-packages/drf_yasg/views.py", line 112, in get
    schema = generator.get_schema(request, self.public)
  File "/Users/mac/.local/share/virtualenvs/storefront3-7A2ZaXMV/lib/python3.9/site-packages/drf_yasg/generators.py", line 276, in get_schema
    paths, prefix = self.get_paths(endpoints, components, request, public)
  File "/Users/mac/.local/share/virtualenvs/storefront3-7A2ZaXMV/lib/python3.9/site-packages/drf_yasg/generators.py", line 482, in get_paths
    operation = self.get_operation(view, path, prefix, method, components, request)
  File "/Users/mac/.local/share/virtualenvs/storefront3-7A2ZaXMV/lib/python3.9/site-packages/drf_yasg/generators.py", line 524, in get_operation
    operation = view_inspector.get_operation(operation_keys)
  File "/Users/mac/.local/share/virtualenvs/storefront3-7A2ZaXMV/lib/python3.9/site-packages/drf_yasg/inspectors/view.py", line 45, in get_operation
    responses = self.get_responses()
  File "/Users/mac/.local/share/virtualenvs/storefront3-7A2ZaXMV/lib/python3.9/site-packages/drf_yasg/inspectors/view.py", line 180, in get_responses
    response_serializers = self.get_response_serializers()
  File "/Users/mac/.local/share/virtualenvs/storefront3-7A2ZaXMV/lib/python3.9/site-packages/drf_yasg/inspectors/view.py", line 235, in get_response_serializers
    responses = self.get_default_responses()
  File "/Users/mac/.local/share/virtualenvs/storefront3-7A2ZaXMV/lib/python3.9/site-packages/drf_yasg/inspectors/view.py", line 211, in get_default_responses
    default_schema = self.serializer_to_schema(default_schema) or ''
  File "/Users/mac/.local/share/virtualenvs/storefront3-7A2ZaXMV/lib/python3.9/site-packages/drf_yasg/inspectors/base.py", line 438, in serializer_to_schema
    return self.probe_inspectors(
  File "/Users/mac/.local/share/virtualenvs/storefront3-7A2ZaXMV/lib/python3.9/site-packages/drf_yasg/inspectors/base.py", line 110, in probe_inspectors
    result = method(obj, **kwargs)
  File "/Users/mac/.local/share/virtualenvs/storefront3-7A2ZaXMV/lib/python3.9/site-packages/drf_yasg/inspectors/field.py", line 49, in get_schema
    return self.probe_field_inspectors(serializer, openapi.Schema, self.use_definitions)
  File "/Users/mac/.local/share/virtualenvs/storefront3-7A2ZaXMV/lib/python3.9/site-packages/drf_yasg/inspectors/base.py", line 228, in probe_field_inspectors
    return self.probe_inspectors(
  File "/Users/mac/.local/share/virtualenvs/storefront3-7A2ZaXMV/lib/python3.9/site-packages/drf_yasg/inspectors/base.py", line 110, in probe_inspectors
    result = method(obj, **kwargs)
  File "/Users/mac/.local/share/virtualenvs/storefront3-7A2ZaXMV/lib/python3.9/site-packages/drf_yasg/inspectors/field.py", line 148, in field_to_swagger_object
    raise SwaggerGenerationError(
drf_yasg.errors.SwaggerGenerationError: Schema for <class 'djoser.serializers.UserSerializer'> would override distinct serializer <class 'core.serializers.UserSerializer'> because they implicitly share the same ref_name; explicitly set the ref_name attribute on both serializers' Meta classes
2025-04-12 00:06:46,882 (WARNING) - drf_yasg.inspectors.base - view's OrderViewSet raised exception during schema generation; use `getattr(self, 'swagger_fake_view', False)` to detect and short-circuit this
Traceback (most recent call last):
  File "/Users/mac/.local/share/virtualenvs/storefront3-7A2ZaXMV/lib/python3.9/site-packages/drf_yasg/inspectors/base.py", line 42, in call_view_method
    return view_method()
  File "/Users/mac/Movies/backend/tutorial_3/storefront3/store/views.py", line 322, in get_queryset
    customer_id = Customer.objects.only('id').get(user_id=user.id)
  File "/Users/mac/.local/share/virtualenvs/storefront3-7A2ZaXMV/lib/python3.9/site-packages/django/db/models/query.py", line 637, in get
    raise self.model.DoesNotExist(
store.models.Customer.DoesNotExist: Customer matching query does not exist.
2025-04-12 00:06:46,883 (WARNING) - drf_yasg.inspectors.base - view's ReviewViewSet raised exception during schema generation; use `getattr(self, 'swagger_fake_view', False)` to detect and short-circuit this
Traceback (most recent call last):
  File "/Users/mac/.local/share/virtualenvs/storefront3-7A2ZaXMV/lib/python3.9/site-packages/drf_yasg/inspectors/base.py", line 42, in call_view_method
    return view_method()
  File "/Users/mac/Movies/backend/tutorial_3/storefront3/store/views.py", line 234, in get_queryset
    return Review.objects.filter(product_id=self.kwargs['product_pk'])
KeyError: 'product_pk'
2025-04-12 00:06:46,883 (WARNING) - drf_yasg.inspectors.base - view's ProductImageViewSet raised exception during schema generation; use `getattr(self, 'swagger_fake_view', False)` to detect and short-circuit this
Traceback (most recent call last):
  File "/Users/mac/.local/share/virtualenvs/storefront3-7A2ZaXMV/lib/python3.9/site-packages/drf_yasg/inspectors/base.py", line 42, in call_view_method
    return view_method()
  File "/Users/mac/Movies/backend/tutorial_3/storefront3/store/views.py", line 193, in get_queryset
    return ProductImage.objects.filter(product_id=self.kwargs['product_pk'])
KeyError: 'product_pk'
2025-04-12 00:06:46,883 (WARNING) - drf_yasg.inspectors.base - view's CartItemViewSet raised exception during schema generation; use `getattr(self, 'swagger_fake_view', False)` to detect and short-circuit this
Traceback (most recent call last):
  File "/Users/mac/.local/share/virtualenvs/storefront3-7A2ZaXMV/lib/python3.9/site-packages/drf_yasg/inspectors/base.py", line 42, in call_view_method
    return view_method()
  File "/Users/mac/Movies/backend/tutorial_3/storefront3/store/views.py", line 269, in get_queryset
    .filter(cart_id=self.kwargs['cart_pk'])
KeyError: 'cart_pk'
2025-04-12 00:06:46,884 (WARNING) - drf_yasg.inspectors.base - view's ReviewViewSet raised exception during schema generation; use `getattr(self, 'swagger_fake_view', False)` to detect and short-circuit this
Traceback (most recent call last):
  File "/Users/mac/.local/share/virtualenvs/storefront3-7A2ZaXMV/lib/python3.9/site-packages/drf_yasg/inspectors/base.py", line 42, in call_view_method
    return view_method()
  File "/Users/mac/Movies/backend/tutorial_3/storefront3/store/views.py", line 234, in get_queryset
    return Review.objects.filter(product_id=self.kwargs['product_pk'])
KeyError: 'product_pk'
2025-04-12 00:06:46,884 (WARNING) - drf_yasg.inspectors.base - view's ProductImageViewSet raised exception during schema generation; use `getattr(self, 'swagger_fake_view', False)` to detect and short-circuit this
Traceback (most recent call last):
  File "/Users/mac/.local/share/virtualenvs/storefront3-7A2ZaXMV/lib/python3.9/site-packages/drf_yasg/inspectors/base.py", line 42, in call_view_method
    return view_method()
  File "/Users/mac/Movies/backend/tutorial_3/storefront3/store/views.py", line 193, in get_queryset
    return ProductImage.objects.filter(product_id=self.kwargs['product_pk'])
KeyError: 'product_pk'
2025-04-12 00:06:46,886 (WARNING) - drf_yasg.inspectors.base - view's OrderViewSet raised exception during schema generation; use `getattr(self, 'swagger_fake_view', False)` to detect and short-circuit this
Traceback (most recent call last):
  File "/Users/mac/.local/share/virtualenvs/storefront3-7A2ZaXMV/lib/python3.9/site-packages/drf_yasg/inspectors/base.py", line 42, in call_view_method
    return view_method()
  File "/Users/mac/Movies/backend/tutorial_3/storefront3/store/views.py", line 322, in get_queryset
    customer_id = Customer.objects.only('id').get(user_id=user.id)
  File "/Users/mac/.local/share/virtualenvs/storefront3-7A2ZaXMV/lib/python3.9/site-packages/django/db/models/query.py", line 637, in get
    raise self.model.DoesNotExist(
store.models.Customer.DoesNotExist: Customer matching query does not exist.
2025-04-12 00:06:46,886 (WARNING) - drf_yasg.inspectors.base - view's ReviewViewSet raised exception during schema generation; use `getattr(self, 'swagger_fake_view', False)` to detect and short-circuit this
Traceback (most recent call last):
  File "/Users/mac/.local/share/virtualenvs/storefront3-7A2ZaXMV/lib/python3.9/site-packages/drf_yasg/inspectors/base.py", line 42, in call_view_method
    return view_method()
  File "/Users/mac/Movies/backend/tutorial_3/storefront3/store/views.py", line 234, in get_queryset
    return Review.objects.filter(product_id=self.kwargs['product_pk'])
KeyError: 'product_pk'
2025-04-12 00:06:46,886 (WARNING) - drf_yasg.inspectors.base - view's ProductImageViewSet raised exception during schema generation; use `getattr(self, 'swagger_fake_view', False)` to detect and short-circuit this
Traceback (most recent call last):
  File "/Users/mac/.local/share/virtualenvs/storefront3-7A2ZaXMV/lib/python3.9/site-packages/drf_yasg/inspectors/base.py", line 42, in call_view_method
    return view_method()
  File "/Users/mac/Movies/backend/tutorial_3/storefront3/store/views.py", line 193, in get_queryset
    return ProductImage.objects.filter(product_id=self.kwargs['product_pk'])
KeyError: 'product_pk'
2025-04-12 00:06:46,886 (WARNING) - drf_yasg.inspectors.base - view's CartItemViewSet raised exception during schema generation; use `getattr(self, 'swagger_fake_view', False)` to detect and short-circuit this
Traceback (most recent call last):
  File "/Users/mac/.local/share/virtualenvs/storefront3-7A2ZaXMV/lib/python3.9/site-packages/drf_yasg/inspectors/base.py", line 42, in call_view_method
    return view_method()
  File "/Users/mac/Movies/backend/tutorial_3/storefront3/store/views.py", line 269, in get_queryset
    .filter(cart_id=self.kwargs['cart_pk'])
KeyError: 'cart_pk'
2025-04-12 00:06:46,887 (WARNING) - drf_yasg.inspectors.base - view's OrderViewSet raised exception during schema generation; use `getattr(self, 'swagger_fake_view', False)` to detect and short-circuit this
Traceback (most recent call last):
  File "/Users/mac/.local/share/virtualenvs/storefront3-7A2ZaXMV/lib/python3.9/site-packages/drf_yasg/inspectors/base.py", line 42, in call_view_method
    return view_method()
  File "/Users/mac/Movies/backend/tutorial_3/storefront3/store/views.py", line 322, in get_queryset
    customer_id = Customer.objects.only('id').get(user_id=user.id)
  File "/Users/mac/.local/share/virtualenvs/storefront3-7A2ZaXMV/lib/python3.9/site-packages/django/db/models/query.py", line 637, in get
    raise self.model.DoesNotExist(
store.models.Customer.DoesNotExist: Customer matching query does not exist.
2025-04-12 00:06:46,887 (WARNING) - drf_yasg.inspectors.base - view's ReviewViewSet raised exception during schema generation; use `getattr(self, 'swagger_fake_view', False)` to detect and short-circuit this
Traceback (most recent call last):
  File "/Users/mac/.local/share/virtualenvs/storefront3-7A2ZaXMV/lib/python3.9/site-packages/drf_yasg/inspectors/base.py", line 42, in call_view_method
    return view_method()
  File "/Users/mac/Movies/backend/tutorial_3/storefront3/store/views.py", line 234, in get_queryset
    return Review.objects.filter(product_id=self.kwargs['product_pk'])
KeyError: 'product_pk'
2025-04-12 00:06:46,888 (WARNING) - drf_yasg.inspectors.base - view's ProductImageViewSet raised exception during schema generation; use `getattr(self, 'swagger_fake_view', False)` to detect and short-circuit this
Traceback (most recent call last):
  File "/Users/mac/.local/share/virtualenvs/storefront3-7A2ZaXMV/lib/python3.9/site-packages/drf_yasg/inspectors/base.py", line 42, in call_view_method
    return view_method()
  File "/Users/mac/Movies/backend/tutorial_3/storefront3/store/views.py", line 193, in get_queryset
    return ProductImage.objects.filter(product_id=self.kwargs['product_pk'])
KeyError: 'product_pk'
2025-04-12 00:06:46,892 (WARNING) - drf_yasg.inspectors.base - view's CartItemViewSet raised exception during schema generation; use `getattr(self, 'swagger_fake_view', False)` to detect and short-circuit this
Traceback (most recent call last):
  File "/Users/mac/.local/share/virtualenvs/storefront3-7A2ZaXMV/lib/python3.9/site-packages/drf_yasg/inspectors/base.py", line 42, in call_view_method
    return view_method()
  File "/Users/mac/Movies/backend/tutorial_3/storefront3/store/views.py", line 269, in get_queryset
    .filter(cart_id=self.kwargs['cart_pk'])
KeyError: 'cart_pk'
2025-04-12 00:06:46,937 (ERROR) - django.request - Internal Server Error: /store/swagger/
Traceback (most recent call last):
  File "/Users/mac/.local/share/virtualenvs/storefront3-7A2ZaXMV/lib/python3.9/site-packages/django/core/handlers/exception.py", line 55, in inner
    response = get_response(request)
  File "/Users/mac/.local/share/virtualenvs/storefront3-7A2ZaXMV/lib/python3.9/site-packages/django/core/handlers/base.py", line 197, in _get_response
    response = wrapped_callback(request, *callback_args, **callback_kwargs)
  File "/Users/mac/.local/share/virtualenvs/storefront3-7A2ZaXMV/lib/python3.9/site-packages/django/views/decorators/csrf.py", line 56, in wrapper_view
    return view_func(*args, **kwargs)
  File "/Users/mac/.local/share/virtualenvs/storefront3-7A2ZaXMV/lib/python3.9/site-packages/django/views/generic/base.py", line 104, in view
    return self.dispatch(request, *args, **kwargs)
  File "/Users/mac/.local/share/virtualenvs/storefront3-7A2ZaXMV/lib/python3.9/site-packages/rest_framework/views.py", line 515, in dispatch
    response = self.handle_exception(exc)
  File "/Users/mac/.local/share/virtualenvs/storefront3-7A2ZaXMV/lib/python3.9/site-packages/rest_framework/views.py", line 475, in handle_exception
    self.raise_uncaught_exception(exc)
  File "/Users/mac/.local/share/virtualenvs/storefront3-7A2ZaXMV/lib/python3.9/site-packages/rest_framework/views.py", line 486, in raise_uncaught_exception
    raise exc
  File "/Users/mac/.local/share/virtualenvs/storefront3-7A2ZaXMV/lib/python3.9/site-packages/rest_framework/views.py", line 512, in dispatch
    response = handler(request, *args, **kwargs)
  File "/Users/mac/.local/share/virtualenvs/storefront3-7A2ZaXMV/lib/python3.9/site-packages/drf_yasg/views.py", line 112, in get
    schema = generator.get_schema(request, self.public)
  File "/Users/mac/.local/share/virtualenvs/storefront3-7A2ZaXMV/lib/python3.9/site-packages/drf_yasg/generators.py", line 276, in get_schema
    paths, prefix = self.get_paths(endpoints, components, request, public)
  File "/Users/mac/.local/share/virtualenvs/storefront3-7A2ZaXMV/lib/python3.9/site-packages/drf_yasg/generators.py", line 482, in get_paths
    operation = self.get_operation(view, path, prefix, method, components, request)
  File "/Users/mac/.local/share/virtualenvs/storefront3-7A2ZaXMV/lib/python3.9/site-packages/drf_yasg/generators.py", line 524, in get_operation
    operation = view_inspector.get_operation(operation_keys)
  File "/Users/mac/.local/share/virtualenvs/storefront3-7A2ZaXMV/lib/python3.9/site-packages/drf_yasg/inspectors/view.py", line 45, in get_operation
    responses = self.get_responses()
  File "/Users/mac/.local/share/virtualenvs/storefront3-7A2ZaXMV/lib/python3.9/site-packages/drf_yasg/inspectors/view.py", line 180, in get_responses
    response_serializers = self.get_response_serializers()
  File "/Users/mac/.local/share/virtualenvs/storefront3-7A2ZaXMV/lib/python3.9/site-packages/drf_yasg/inspectors/view.py", line 235, in get_response_serializers
    responses = self.get_default_responses()
  File "/Users/mac/.local/share/virtualenvs/storefront3-7A2ZaXMV/lib/python3.9/site-packages/drf_yasg/inspectors/view.py", line 211, in get_default_responses
    default_schema = self.serializer_to_schema(default_schema) or ''
  File "/Users/mac/.local/share/virtualenvs/storefront3-7A2ZaXMV/lib/python3.9/site-packages/drf_yasg/inspectors/base.py", line 438, in serializer_to_schema
    return self.probe_inspectors(
  File "/Users/mac/.local/share/virtualenvs/storefront3-7A2ZaXMV/lib/python3.9/site-packages/drf_yasg/inspectors/base.py", line 110, in probe_inspectors
    result = method(obj, **kwargs)
  File "/Users/mac/.local/share/virtualenvs/storefront3-7A2ZaXMV/lib/python3.9/site-packages/drf_yasg/inspectors/field.py", line 49, in get_schema
    return self.probe_field_inspectors(serializer, openapi.Schema, self.use_definitions)
  File "/Users/mac/.local/share/virtualenvs/storefront3-7A2ZaXMV/lib/python3.9/site-packages/drf_yasg/inspectors/base.py", line 228, in probe_field_inspectors
    return self.probe_inspectors(
  File "/Users/mac/.local/share/virtualenvs/storefront3-7A2ZaXMV/lib/python3.9/site-packages/drf_yasg/inspectors/base.py", line 110, in probe_inspectors
    result = method(obj, **kwargs)
  File "/Users/mac/.local/share/virtualenvs/storefront3-7A2ZaXMV/lib/python3.9/site-packages/drf_yasg/inspectors/field.py", line 148, in field_to_swagger_object
    raise SwaggerGenerationError(
drf_yasg.errors.SwaggerGenerationError: Schema for <class 'djoser.serializers.UserSerializer'> would override distinct serializer <class 'core.serializers.UserSerializer'> because they implicitly share the same ref_name; explicitly set the ref_name attribute on both serializers' Meta classes
2025-04-12 00:07:12,724 (INFO) - django.utils.autoreload - Watching for file changes with StatReloader
2025-04-12 00:07:55,310 (INFO) - django.utils.autoreload - Watching for file changes with StatReloader
2025-04-12 00:07:55,373 (WARNING) - silk.profiling.profiler - Cannot execute silk_profile as silk is not installed correctly.
2025-04-12 00:08:09,295 (WARNING) - django.request - Not Found: /store/swagger/
2025-04-12 00:08:21,660 (INFO) - django.utils.autoreload - /Users/mac/Movies/backend/tutorial_3/storefront3/store/urls.py changed, reloading.
2025-04-12 00:08:22,171 (INFO) - django.utils.autoreload - Watching for file changes with StatReloader
2025-04-12 00:09:07,589 (INFO) - django.utils.autoreload - Watching for file changes with StatReloader
2025-04-12 00:09:07,659 (WARNING) - silk.profiling.profiler - Cannot execute silk_profile as silk is not installed correctly.
2025-04-12 00:09:10,854 (WARNING) - drf_yasg.inspectors.base - view's OrderViewSet raised exception during schema generation; use `getattr(self, 'swagger_fake_view', False)` to detect and short-circuit this
Traceback (most recent call last):
  File "/Users/mac/.local/share/virtualenvs/storefront3-7A2ZaXMV/lib/python3.9/site-packages/drf_yasg/inspectors/base.py", line 42, in call_view_method
    return view_method()
  File "/Users/mac/Movies/backend/tutorial_3/storefront3/store/views.py", line 322, in get_queryset
    customer_id = Customer.objects.only('id').get(user_id=user.id)
  File "/Users/mac/.local/share/virtualenvs/storefront3-7A2ZaXMV/lib/python3.9/site-packages/django/db/models/query.py", line 637, in get
    raise self.model.DoesNotExist(
store.models.Customer.DoesNotExist: Customer matching query does not exist.
2025-04-12 00:09:10,861 (WARNING) - drf_yasg.inspectors.base - view's ReviewViewSet raised exception during schema generation; use `getattr(self, 'swagger_fake_view', False)` to detect and short-circuit this
Traceback (most recent call last):
  File "/Users/mac/.local/share/virtualenvs/storefront3-7A2ZaXMV/lib/python3.9/site-packages/drf_yasg/inspectors/base.py", line 42, in call_view_method
    return view_method()
  File "/Users/mac/Movies/backend/tutorial_3/storefront3/store/views.py", line 234, in get_queryset
    return Review.objects.filter(product_id=self.kwargs['product_pk'])
KeyError: 'product_pk'
2025-04-12 00:09:10,861 (WARNING) - drf_yasg.inspectors.base - view's ProductImageViewSet raised exception during schema generation; use `getattr(self, 'swagger_fake_view', False)` to detect and short-circuit this
Traceback (most recent call last):
  File "/Users/mac/.local/share/virtualenvs/storefront3-7A2ZaXMV/lib/python3.9/site-packages/drf_yasg/inspectors/base.py", line 42, in call_view_method
    return view_method()
  File "/Users/mac/Movies/backend/tutorial_3/storefront3/store/views.py", line 193, in get_queryset
    return ProductImage.objects.filter(product_id=self.kwargs['product_pk'])
KeyError: 'product_pk'
2025-04-12 00:09:10,862 (WARNING) - drf_yasg.inspectors.base - view's CartItemViewSet raised exception during schema generation; use `getattr(self, 'swagger_fake_view', False)` to detect and short-circuit this
Traceback (most recent call last):
  File "/Users/mac/.local/share/virtualenvs/storefront3-7A2ZaXMV/lib/python3.9/site-packages/drf_yasg/inspectors/base.py", line 42, in call_view_method
    return view_method()
  File "/Users/mac/Movies/backend/tutorial_3/storefront3/store/views.py", line 269, in get_queryset
    .filter(cart_id=self.kwargs['cart_pk'])
KeyError: 'cart_pk'
2025-04-12 00:09:10,863 (WARNING) - drf_yasg.inspectors.base - view's ReviewViewSet raised exception during schema generation; use `getattr(self, 'swagger_fake_view', False)` to detect and short-circuit this
Traceback (most recent call last):
  File "/Users/mac/.local/share/virtualenvs/storefront3-7A2ZaXMV/lib/python3.9/site-packages/drf_yasg/inspectors/base.py", line 42, in call_view_method
    return view_method()
  File "/Users/mac/Movies/backend/tutorial_3/storefront3/store/views.py", line 234, in get_queryset
    return Review.objects.filter(product_id=self.kwargs['product_pk'])
KeyError: 'product_pk'
2025-04-12 00:09:10,863 (WARNING) - drf_yasg.inspectors.base - view's ProductImageViewSet raised exception during schema generation; use `getattr(self, 'swagger_fake_view', False)` to detect and short-circuit this
Traceback (most recent call last):
  File "/Users/mac/.local/share/virtualenvs/storefront3-7A2ZaXMV/lib/python3.9/site-packages/drf_yasg/inspectors/base.py", line 42, in call_view_method
    return view_method()
  File "/Users/mac/Movies/backend/tutorial_3/storefront3/store/views.py", line 193, in get_queryset
    return ProductImage.objects.filter(product_id=self.kwargs['product_pk'])
KeyError: 'product_pk'
2025-04-12 00:09:10,864 (WARNING) - drf_yasg.inspectors.base - view's OrderViewSet raised exception during schema generation; use `getattr(self, 'swagger_fake_view', False)` to detect and short-circuit this
Traceback (most recent call last):
  File "/Users/mac/.local/share/virtualenvs/storefront3-7A2ZaXMV/lib/python3.9/site-packages/drf_yasg/inspectors/base.py", line 42, in call_view_method
    return view_method()
  File "/Users/mac/Movies/backend/tutorial_3/storefront3/store/views.py", line 322, in get_queryset
    customer_id = Customer.objects.only('id').get(user_id=user.id)
  File "/Users/mac/.local/share/virtualenvs/storefront3-7A2ZaXMV/lib/python3.9/site-packages/django/db/models/query.py", line 637, in get
    raise self.model.DoesNotExist(
store.models.Customer.DoesNotExist: Customer matching query does not exist.
2025-04-12 00:09:10,864 (WARNING) - drf_yasg.inspectors.base - view's ReviewViewSet raised exception during schema generation; use `getattr(self, 'swagger_fake_view', False)` to detect and short-circuit this
Traceback (most recent call last):
  File "/Users/mac/.local/share/virtualenvs/storefront3-7A2ZaXMV/lib/python3.9/site-packages/drf_yasg/inspectors/base.py", line 42, in call_view_method
    return view_method()
  File "/Users/mac/Movies/backend/tutorial_3/storefront3/store/views.py", line 234, in get_queryset
    return Review.objects.filter(product_id=self.kwargs['product_pk'])
KeyError: 'product_pk'
2025-04-12 00:09:10,864 (WARNING) - drf_yasg.inspectors.base - view's ProductImageViewSet raised exception during schema generation; use `getattr(self, 'swagger_fake_view', False)` to detect and short-circuit this
Traceback (most recent call last):
  File "/Users/mac/.local/share/virtualenvs/storefront3-7A2ZaXMV/lib/python3.9/site-packages/drf_yasg/inspectors/base.py", line 42, in call_view_method
    return view_method()
  File "/Users/mac/Movies/backend/tutorial_3/storefront3/store/views.py", line 193, in get_queryset
    return ProductImage.objects.filter(product_id=self.kwargs['product_pk'])
KeyError: 'product_pk'
2025-04-12 00:09:10,865 (WARNING) - drf_yasg.inspectors.base - view's CartItemViewSet raised exception during schema generation; use `getattr(self, 'swagger_fake_view', False)` to detect and short-circuit this
Traceback (most recent call last):
  File "/Users/mac/.local/share/virtualenvs/storefront3-7A2ZaXMV/lib/python3.9/site-packages/drf_yasg/inspectors/base.py", line 42, in call_view_method
    return view_method()
  File "/Users/mac/Movies/backend/tutorial_3/storefront3/store/views.py", line 269, in get_queryset
    .filter(cart_id=self.kwargs['cart_pk'])
KeyError: 'cart_pk'
2025-04-12 00:09:10,865 (WARNING) - drf_yasg.inspectors.base - view's OrderViewSet raised exception during schema generation; use `getattr(self, 'swagger_fake_view', False)` to detect and short-circuit this
Traceback (most recent call last):
  File "/Users/mac/.local/share/virtualenvs/storefront3-7A2ZaXMV/lib/python3.9/site-packages/drf_yasg/inspectors/base.py", line 42, in call_view_method
    return view_method()
  File "/Users/mac/Movies/backend/tutorial_3/storefront3/store/views.py", line 322, in get_queryset
    customer_id = Customer.objects.only('id').get(user_id=user.id)
  File "/Users/mac/.local/share/virtualenvs/storefront3-7A2ZaXMV/lib/python3.9/site-packages/django/db/models/query.py", line 637, in get
    raise self.model.DoesNotExist(
store.models.Customer.DoesNotExist: Customer matching query does not exist.
2025-04-12 00:09:10,865 (WARNING) - drf_yasg.inspectors.base - view's ReviewViewSet raised exception during schema generation; use `getattr(self, 'swagger_fake_view', False)` to detect and short-circuit this
Traceback (most recent call last):
  File "/Users/mac/.local/share/virtualenvs/storefront3-7A2ZaXMV/lib/python3.9/site-packages/drf_yasg/inspectors/base.py", line 42, in call_view_method
    return view_method()
  File "/Users/mac/Movies/backend/tutorial_3/storefront3/store/views.py", line 234, in get_queryset
    return Review.objects.filter(product_id=self.kwargs['product_pk'])
KeyError: 'product_pk'
2025-04-12 00:09:10,865 (WARNING) - drf_yasg.inspectors.base - view's ProductImageViewSet raised exception during schema generation; use `getattr(self, 'swagger_fake_view', False)` to detect and short-circuit this
Traceback (most recent call last):
  File "/Users/mac/.local/share/virtualenvs/storefront3-7A2ZaXMV/lib/python3.9/site-packages/drf_yasg/inspectors/base.py", line 42, in call_view_method
    return view_method()
  File "/Users/mac/Movies/backend/tutorial_3/storefront3/store/views.py", line 193, in get_queryset
    return ProductImage.objects.filter(product_id=self.kwargs['product_pk'])
KeyError: 'product_pk'
2025-04-12 00:09:10,865 (WARNING) - drf_yasg.inspectors.base - view's CartItemViewSet raised exception during schema generation; use `getattr(self, 'swagger_fake_view', False)` to detect and short-circuit this
Traceback (most recent call last):
  File "/Users/mac/.local/share/virtualenvs/storefront3-7A2ZaXMV/lib/python3.9/site-packages/drf_yasg/inspectors/base.py", line 42, in call_view_method
    return view_method()
  File "/Users/mac/Movies/backend/tutorial_3/storefront3/store/views.py", line 269, in get_queryset
    .filter(cart_id=self.kwargs['cart_pk'])
KeyError: 'cart_pk'
2025-04-12 00:09:10,917 (ERROR) - django.request - Internal Server Error: /store/swagger/
Traceback (most recent call last):
  File "/Users/mac/.local/share/virtualenvs/storefront3-7A2ZaXMV/lib/python3.9/site-packages/django/core/handlers/exception.py", line 55, in inner
    response = get_response(request)
  File "/Users/mac/.local/share/virtualenvs/storefront3-7A2ZaXMV/lib/python3.9/site-packages/django/core/handlers/base.py", line 197, in _get_response
    response = wrapped_callback(request, *callback_args, **callback_kwargs)
  File "/Users/mac/.local/share/virtualenvs/storefront3-7A2ZaXMV/lib/python3.9/site-packages/django/views/decorators/csrf.py", line 56, in wrapper_view
    return view_func(*args, **kwargs)
  File "/Users/mac/.local/share/virtualenvs/storefront3-7A2ZaXMV/lib/python3.9/site-packages/django/views/generic/base.py", line 104, in view
    return self.dispatch(request, *args, **kwargs)
  File "/Users/mac/.local/share/virtualenvs/storefront3-7A2ZaXMV/lib/python3.9/site-packages/rest_framework/views.py", line 515, in dispatch
    response = self.handle_exception(exc)
  File "/Users/mac/.local/share/virtualenvs/storefront3-7A2ZaXMV/lib/python3.9/site-packages/rest_framework/views.py", line 475, in handle_exception
    self.raise_uncaught_exception(exc)
  File "/Users/mac/.local/share/virtualenvs/storefront3-7A2ZaXMV/lib/python3.9/site-packages/rest_framework/views.py", line 486, in raise_uncaught_exception
    raise exc
  File "/Users/mac/.local/share/virtualenvs/storefront3-7A2ZaXMV/lib/python3.9/site-packages/rest_framework/views.py", line 512, in dispatch
    response = handler(request, *args, **kwargs)
  File "/Users/mac/.local/share/virtualenvs/storefront3-7A2ZaXMV/lib/python3.9/site-packages/drf_yasg/views.py", line 112, in get
    schema = generator.get_schema(request, self.public)
  File "/Users/mac/.local/share/virtualenvs/storefront3-7A2ZaXMV/lib/python3.9/site-packages/drf_yasg/generators.py", line 276, in get_schema
    paths, prefix = self.get_paths(endpoints, components, request, public)
  File "/Users/mac/.local/share/virtualenvs/storefront3-7A2ZaXMV/lib/python3.9/site-packages/drf_yasg/generators.py", line 482, in get_paths
    operation = self.get_operation(view, path, prefix, method, components, request)
  File "/Users/mac/.local/share/virtualenvs/storefront3-7A2ZaXMV/lib/python3.9/site-packages/drf_yasg/generators.py", line 524, in get_operation
    operation = view_inspector.get_operation(operation_keys)
  File "/Users/mac/.local/share/virtualenvs/storefront3-7A2ZaXMV/lib/python3.9/site-packages/drf_yasg/inspectors/view.py", line 45, in get_operation
    responses = self.get_responses()
  File "/Users/mac/.local/share/virtualenvs/storefront3-7A2ZaXMV/lib/python3.9/site-packages/drf_yasg/inspectors/view.py", line 180, in get_responses
    response_serializers = self.get_response_serializers()
  File "/Users/mac/.local/share/virtualenvs/storefront3-7A2ZaXMV/lib/python3.9/site-packages/drf_yasg/inspectors/view.py", line 235, in get_response_serializers
    responses = self.get_default_responses()
  File "/Users/mac/.local/share/virtualenvs/storefront3-7A2ZaXMV/lib/python3.9/site-packages/drf_yasg/inspectors/view.py", line 211, in get_default_responses
    default_schema = self.serializer_to_schema(default_schema) or ''
  File "/Users/mac/.local/share/virtualenvs/storefront3-7A2ZaXMV/lib/python3.9/site-packages/drf_yasg/inspectors/base.py", line 438, in serializer_to_schema
    return self.probe_inspectors(
  File "/Users/mac/.local/share/virtualenvs/storefront3-7A2ZaXMV/lib/python3.9/site-packages/drf_yasg/inspectors/base.py", line 110, in probe_inspectors
    result = method(obj, **kwargs)
  File "/Users/mac/.local/share/virtualenvs/storefront3-7A2ZaXMV/lib/python3.9/site-packages/drf_yasg/inspectors/field.py", line 49, in get_schema
    return self.probe_field_inspectors(serializer, openapi.Schema, self.use_definitions)
  File "/Users/mac/.local/share/virtualenvs/storefront3-7A2ZaXMV/lib/python3.9/site-packages/drf_yasg/inspectors/base.py", line 228, in probe_field_inspectors
    return self.probe_inspectors(
  File "/Users/mac/.local/share/virtualenvs/storefront3-7A2ZaXMV/lib/python3.9/site-packages/drf_yasg/inspectors/base.py", line 110, in probe_inspectors
    result = method(obj, **kwargs)
  File "/Users/mac/.local/share/virtualenvs/storefront3-7A2ZaXMV/lib/python3.9/site-packages/drf_yasg/inspectors/field.py", line 148, in field_to_swagger_object
    raise SwaggerGenerationError(
drf_yasg.errors.SwaggerGenerationError: Schema for <class 'djoser.serializers.UserSerializer'> would override distinct serializer <class 'core.serializers.UserSerializer'> because they implicitly share the same ref_name; explicitly set the ref_name attribute on both serializers' Meta classes
2025-04-12 00:13:02,473 (INFO) - django.utils.autoreload - /Users/mac/Movies/backend/tutorial_3/storefront3/store/urls.py changed, reloading.
2025-04-12 00:13:03,265 (INFO) - django.utils.autoreload - Watching for file changes with StatReloader
2025-04-12 00:13:03,354 (WARNING) - silk.profiling.profiler - Cannot execute silk_profile as silk is not installed correctly.
2025-04-12 00:13:12,826 (INFO) - django.utils.autoreload - /Users/mac/Movies/backend/tutorial_3/storefront3/storefront/urls.py changed, reloading.
2025-04-12 00:13:13,172 (INFO) - django.utils.autoreload - Watching for file changes with StatReloader
2025-04-12 00:13:17,398 (INFO) - django.utils.autoreload - /Users/mac/Movies/backend/tutorial_3/storefront3/storefront/urls.py changed, reloading.
2025-04-12 00:13:17,717 (INFO) - django.utils.autoreload - Watching for file changes with StatReloader
2025-04-12 00:13:35,301 (INFO) - django.utils.autoreload - /Users/mac/Movies/backend/tutorial_3/storefront3/storefront/urls.py changed, reloading.
2025-04-12 00:13:35,681 (INFO) - django.utils.autoreload - Watching for file changes with StatReloader
2025-04-12 00:13:35,745 (WARNING) - silk.profiling.profiler - Cannot execute silk_profile as silk is not installed correctly.
2025-04-12 00:13:40,805 (WARNING) - django.request - Not Found: /store/swagger/
2025-04-12 00:13:43,842 (WARNING) - drf_yasg.inspectors.base - view's OrderViewSet raised exception during schema generation; use `getattr(self, 'swagger_fake_view', False)` to detect and short-circuit this
Traceback (most recent call last):
  File "/Users/mac/.local/share/virtualenvs/storefront3-7A2ZaXMV/lib/python3.9/site-packages/drf_yasg/inspectors/base.py", line 42, in call_view_method
    return view_method()
  File "/Users/mac/Movies/backend/tutorial_3/storefront3/store/views.py", line 322, in get_queryset
    customer_id = Customer.objects.only('id').get(user_id=user.id)
  File "/Users/mac/.local/share/virtualenvs/storefront3-7A2ZaXMV/lib/python3.9/site-packages/django/db/models/query.py", line 637, in get
    raise self.model.DoesNotExist(
store.models.Customer.DoesNotExist: Customer matching query does not exist.
2025-04-12 00:13:43,850 (WARNING) - drf_yasg.inspectors.base - view's ReviewViewSet raised exception during schema generation; use `getattr(self, 'swagger_fake_view', False)` to detect and short-circuit this
Traceback (most recent call last):
  File "/Users/mac/.local/share/virtualenvs/storefront3-7A2ZaXMV/lib/python3.9/site-packages/drf_yasg/inspectors/base.py", line 42, in call_view_method
    return view_method()
  File "/Users/mac/Movies/backend/tutorial_3/storefront3/store/views.py", line 234, in get_queryset
    return Review.objects.filter(product_id=self.kwargs['product_pk'])
KeyError: 'product_pk'
2025-04-12 00:13:43,850 (WARNING) - drf_yasg.inspectors.base - view's ProductImageViewSet raised exception during schema generation; use `getattr(self, 'swagger_fake_view', False)` to detect and short-circuit this
Traceback (most recent call last):
  File "/Users/mac/.local/share/virtualenvs/storefront3-7A2ZaXMV/lib/python3.9/site-packages/drf_yasg/inspectors/base.py", line 42, in call_view_method
    return view_method()
  File "/Users/mac/Movies/backend/tutorial_3/storefront3/store/views.py", line 193, in get_queryset
    return ProductImage.objects.filter(product_id=self.kwargs['product_pk'])
KeyError: 'product_pk'
2025-04-12 00:13:43,850 (WARNING) - drf_yasg.inspectors.base - view's CartItemViewSet raised exception during schema generation; use `getattr(self, 'swagger_fake_view', False)` to detect and short-circuit this
Traceback (most recent call last):
  File "/Users/mac/.local/share/virtualenvs/storefront3-7A2ZaXMV/lib/python3.9/site-packages/drf_yasg/inspectors/base.py", line 42, in call_view_method
    return view_method()
  File "/Users/mac/Movies/backend/tutorial_3/storefront3/store/views.py", line 269, in get_queryset
    .filter(cart_id=self.kwargs['cart_pk'])
KeyError: 'cart_pk'
2025-04-12 00:13:43,851 (WARNING) - drf_yasg.inspectors.base - view's ReviewViewSet raised exception during schema generation; use `getattr(self, 'swagger_fake_view', False)` to detect and short-circuit this
Traceback (most recent call last):
  File "/Users/mac/.local/share/virtualenvs/storefront3-7A2ZaXMV/lib/python3.9/site-packages/drf_yasg/inspectors/base.py", line 42, in call_view_method
    return view_method()
  File "/Users/mac/Movies/backend/tutorial_3/storefront3/store/views.py", line 234, in get_queryset
    return Review.objects.filter(product_id=self.kwargs['product_pk'])
KeyError: 'product_pk'
2025-04-12 00:13:43,851 (WARNING) - drf_yasg.inspectors.base - view's ProductImageViewSet raised exception during schema generation; use `getattr(self, 'swagger_fake_view', False)` to detect and short-circuit this
Traceback (most recent call last):
  File "/Users/mac/.local/share/virtualenvs/storefront3-7A2ZaXMV/lib/python3.9/site-packages/drf_yasg/inspectors/base.py", line 42, in call_view_method
    return view_method()
  File "/Users/mac/Movies/backend/tutorial_3/storefront3/store/views.py", line 193, in get_queryset
    return ProductImage.objects.filter(product_id=self.kwargs['product_pk'])
KeyError: 'product_pk'
2025-04-12 00:13:43,851 (WARNING) - drf_yasg.inspectors.base - view's OrderViewSet raised exception during schema generation; use `getattr(self, 'swagger_fake_view', False)` to detect and short-circuit this
Traceback (most recent call last):
  File "/Users/mac/.local/share/virtualenvs/storefront3-7A2ZaXMV/lib/python3.9/site-packages/drf_yasg/inspectors/base.py", line 42, in call_view_method
    return view_method()
  File "/Users/mac/Movies/backend/tutorial_3/storefront3/store/views.py", line 322, in get_queryset
    customer_id = Customer.objects.only('id').get(user_id=user.id)
  File "/Users/mac/.local/share/virtualenvs/storefront3-7A2ZaXMV/lib/python3.9/site-packages/django/db/models/query.py", line 637, in get
    raise self.model.DoesNotExist(
store.models.Customer.DoesNotExist: Customer matching query does not exist.
2025-04-12 00:13:43,851 (WARNING) - drf_yasg.inspectors.base - view's ReviewViewSet raised exception during schema generation; use `getattr(self, 'swagger_fake_view', False)` to detect and short-circuit this
Traceback (most recent call last):
  File "/Users/mac/.local/share/virtualenvs/storefront3-7A2ZaXMV/lib/python3.9/site-packages/drf_yasg/inspectors/base.py", line 42, in call_view_method
    return view_method()
  File "/Users/mac/Movies/backend/tutorial_3/storefront3/store/views.py", line 234, in get_queryset
    return Review.objects.filter(product_id=self.kwargs['product_pk'])
KeyError: 'product_pk'
2025-04-12 00:13:43,851 (WARNING) - drf_yasg.inspectors.base - view's ProductImageViewSet raised exception during schema generation; use `getattr(self, 'swagger_fake_view', False)` to detect and short-circuit this
Traceback (most recent call last):
  File "/Users/mac/.local/share/virtualenvs/storefront3-7A2ZaXMV/lib/python3.9/site-packages/drf_yasg/inspectors/base.py", line 42, in call_view_method
    return view_method()
  File "/Users/mac/Movies/backend/tutorial_3/storefront3/store/views.py", line 193, in get_queryset
    return ProductImage.objects.filter(product_id=self.kwargs['product_pk'])
KeyError: 'product_pk'
2025-04-12 00:13:43,852 (WARNING) - drf_yasg.inspectors.base - view's CartItemViewSet raised exception during schema generation; use `getattr(self, 'swagger_fake_view', False)` to detect and short-circuit this
Traceback (most recent call last):
  File "/Users/mac/.local/share/virtualenvs/storefront3-7A2ZaXMV/lib/python3.9/site-packages/drf_yasg/inspectors/base.py", line 42, in call_view_method
    return view_method()
  File "/Users/mac/Movies/backend/tutorial_3/storefront3/store/views.py", line 269, in get_queryset
    .filter(cart_id=self.kwargs['cart_pk'])
KeyError: 'cart_pk'
2025-04-12 00:13:43,852 (WARNING) - drf_yasg.inspectors.base - view's OrderViewSet raised exception during schema generation; use `getattr(self, 'swagger_fake_view', False)` to detect and short-circuit this
Traceback (most recent call last):
  File "/Users/mac/.local/share/virtualenvs/storefront3-7A2ZaXMV/lib/python3.9/site-packages/drf_yasg/inspectors/base.py", line 42, in call_view_method
    return view_method()
  File "/Users/mac/Movies/backend/tutorial_3/storefront3/store/views.py", line 322, in get_queryset
    customer_id = Customer.objects.only('id').get(user_id=user.id)
  File "/Users/mac/.local/share/virtualenvs/storefront3-7A2ZaXMV/lib/python3.9/site-packages/django/db/models/query.py", line 637, in get
    raise self.model.DoesNotExist(
store.models.Customer.DoesNotExist: Customer matching query does not exist.
2025-04-12 00:13:43,852 (WARNING) - drf_yasg.inspectors.base - view's ReviewViewSet raised exception during schema generation; use `getattr(self, 'swagger_fake_view', False)` to detect and short-circuit this
Traceback (most recent call last):
  File "/Users/mac/.local/share/virtualenvs/storefront3-7A2ZaXMV/lib/python3.9/site-packages/drf_yasg/inspectors/base.py", line 42, in call_view_method
    return view_method()
  File "/Users/mac/Movies/backend/tutorial_3/storefront3/store/views.py", line 234, in get_queryset
    return Review.objects.filter(product_id=self.kwargs['product_pk'])
KeyError: 'product_pk'
2025-04-12 00:13:43,852 (WARNING) - drf_yasg.inspectors.base - view's ProductImageViewSet raised exception during schema generation; use `getattr(self, 'swagger_fake_view', False)` to detect and short-circuit this
Traceback (most recent call last):
  File "/Users/mac/.local/share/virtualenvs/storefront3-7A2ZaXMV/lib/python3.9/site-packages/drf_yasg/inspectors/base.py", line 42, in call_view_method
    return view_method()
  File "/Users/mac/Movies/backend/tutorial_3/storefront3/store/views.py", line 193, in get_queryset
    return ProductImage.objects.filter(product_id=self.kwargs['product_pk'])
KeyError: 'product_pk'
2025-04-12 00:13:43,852 (WARNING) - drf_yasg.inspectors.base - view's CartItemViewSet raised exception during schema generation; use `getattr(self, 'swagger_fake_view', False)` to detect and short-circuit this
Traceback (most recent call last):
  File "/Users/mac/.local/share/virtualenvs/storefront3-7A2ZaXMV/lib/python3.9/site-packages/drf_yasg/inspectors/base.py", line 42, in call_view_method
    return view_method()
  File "/Users/mac/Movies/backend/tutorial_3/storefront3/store/views.py", line 269, in get_queryset
    .filter(cart_id=self.kwargs['cart_pk'])
KeyError: 'cart_pk'
2025-04-12 00:13:43,963 (ERROR) - django.request - Internal Server Error: /swagger/
Traceback (most recent call last):
  File "/Users/mac/.local/share/virtualenvs/storefront3-7A2ZaXMV/lib/python3.9/site-packages/django/core/handlers/exception.py", line 55, in inner
    response = get_response(request)
  File "/Users/mac/.local/share/virtualenvs/storefront3-7A2ZaXMV/lib/python3.9/site-packages/django/core/handlers/base.py", line 197, in _get_response
    response = wrapped_callback(request, *callback_args, **callback_kwargs)
  File "/Users/mac/.local/share/virtualenvs/storefront3-7A2ZaXMV/lib/python3.9/site-packages/django/views/decorators/csrf.py", line 56, in wrapper_view
    return view_func(*args, **kwargs)
  File "/Users/mac/.local/share/virtualenvs/storefront3-7A2ZaXMV/lib/python3.9/site-packages/django/views/generic/base.py", line 104, in view
    return self.dispatch(request, *args, **kwargs)
  File "/Users/mac/.local/share/virtualenvs/storefront3-7A2ZaXMV/lib/python3.9/site-packages/rest_framework/views.py", line 515, in dispatch
    response = self.handle_exception(exc)
  File "/Users/mac/.local/share/virtualenvs/storefront3-7A2ZaXMV/lib/python3.9/site-packages/rest_framework/views.py", line 475, in handle_exception
    self.raise_uncaught_exception(exc)
  File "/Users/mac/.local/share/virtualenvs/storefront3-7A2ZaXMV/lib/python3.9/site-packages/rest_framework/views.py", line 486, in raise_uncaught_exception
    raise exc
  File "/Users/mac/.local/share/virtualenvs/storefront3-7A2ZaXMV/lib/python3.9/site-packages/rest_framework/views.py", line 512, in dispatch
    response = handler(request, *args, **kwargs)
  File "/Users/mac/.local/share/virtualenvs/storefront3-7A2ZaXMV/lib/python3.9/site-packages/drf_yasg/views.py", line 112, in get
    schema = generator.get_schema(request, self.public)
  File "/Users/mac/.local/share/virtualenvs/storefront3-7A2ZaXMV/lib/python3.9/site-packages/drf_yasg/generators.py", line 276, in get_schema
    paths, prefix = self.get_paths(endpoints, components, request, public)
  File "/Users/mac/.local/share/virtualenvs/storefront3-7A2ZaXMV/lib/python3.9/site-packages/drf_yasg/generators.py", line 482, in get_paths
    operation = self.get_operation(view, path, prefix, method, components, request)
  File "/Users/mac/.local/share/virtualenvs/storefront3-7A2ZaXMV/lib/python3.9/site-packages/drf_yasg/generators.py", line 524, in get_operation
    operation = view_inspector.get_operation(operation_keys)
  File "/Users/mac/.local/share/virtualenvs/storefront3-7A2ZaXMV/lib/python3.9/site-packages/drf_yasg/inspectors/view.py", line 45, in get_operation
    responses = self.get_responses()
  File "/Users/mac/.local/share/virtualenvs/storefront3-7A2ZaXMV/lib/python3.9/site-packages/drf_yasg/inspectors/view.py", line 180, in get_responses
    response_serializers = self.get_response_serializers()
  File "/Users/mac/.local/share/virtualenvs/storefront3-7A2ZaXMV/lib/python3.9/site-packages/drf_yasg/inspectors/view.py", line 235, in get_response_serializers
    responses = self.get_default_responses()
  File "/Users/mac/.local/share/virtualenvs/storefront3-7A2ZaXMV/lib/python3.9/site-packages/drf_yasg/inspectors/view.py", line 211, in get_default_responses
    default_schema = self.serializer_to_schema(default_schema) or ''
  File "/Users/mac/.local/share/virtualenvs/storefront3-7A2ZaXMV/lib/python3.9/site-packages/drf_yasg/inspectors/base.py", line 438, in serializer_to_schema
    return self.probe_inspectors(
  File "/Users/mac/.local/share/virtualenvs/storefront3-7A2ZaXMV/lib/python3.9/site-packages/drf_yasg/inspectors/base.py", line 110, in probe_inspectors
    result = method(obj, **kwargs)
  File "/Users/mac/.local/share/virtualenvs/storefront3-7A2ZaXMV/lib/python3.9/site-packages/drf_yasg/inspectors/field.py", line 49, in get_schema
    return self.probe_field_inspectors(serializer, openapi.Schema, self.use_definitions)
  File "/Users/mac/.local/share/virtualenvs/storefront3-7A2ZaXMV/lib/python3.9/site-packages/drf_yasg/inspectors/base.py", line 228, in probe_field_inspectors
    return self.probe_inspectors(
  File "/Users/mac/.local/share/virtualenvs/storefront3-7A2ZaXMV/lib/python3.9/site-packages/drf_yasg/inspectors/base.py", line 110, in probe_inspectors
    result = method(obj, **kwargs)
  File "/Users/mac/.local/share/virtualenvs/storefront3-7A2ZaXMV/lib/python3.9/site-packages/drf_yasg/inspectors/field.py", line 148, in field_to_swagger_object
    raise SwaggerGenerationError(
drf_yasg.errors.SwaggerGenerationError: Schema for <class 'djoser.serializers.UserSerializer'> would override distinct serializer <class 'core.serializers.UserSerializer'> because they implicitly share the same ref_name; explicitly set the ref_name attribute on both serializers' Meta classes
2025-04-12 00:14:13,380 (INFO) - django.utils.autoreload - /Users/mac/Movies/backend/tutorial_3/storefront3/storefront/urls.py changed, reloading.
2025-04-12 00:14:13,831 (INFO) - django.utils.autoreload - Watching for file changes with StatReloader
2025-04-12 00:14:13,896 (WARNING) - silk.profiling.profiler - Cannot execute silk_profile as silk is not installed correctly.
2025-04-12 00:14:17,182 (INFO) - django.utils.autoreload - /Users/mac/Movies/backend/tutorial_3/storefront3/storefront/urls.py changed, reloading.
2025-04-12 00:14:17,515 (INFO) - django.utils.autoreload - Watching for file changes with StatReloader
2025-04-12 00:14:17,580 (WARNING) - silk.profiling.profiler - Cannot execute silk_profile as silk is not installed correctly.
2025-04-12 00:14:32,246 (INFO) - django.utils.autoreload - /Users/mac/Movies/backend/tutorial_3/storefront3/storefront/urls.py changed, reloading.
2025-04-12 00:14:32,778 (INFO) - django.utils.autoreload - Watching for file changes with StatReloader
2025-04-12 00:14:32,844 (WARNING) - silk.profiling.profiler - Cannot execute silk_profile as silk is not installed correctly.
2025-04-12 00:14:38,175 (INFO) - django.utils.autoreload - /Users/mac/Movies/backend/tutorial_3/storefront3/storefront/urls.py changed, reloading.
2025-04-12 00:14:38,565 (INFO) - django.utils.autoreload - Watching for file changes with StatReloader
2025-04-12 00:14:40,740 (INFO) - django.utils.autoreload - /Users/mac/Movies/backend/tutorial_3/storefront3/storefront/urls.py changed, reloading.
2025-04-12 00:14:41,080 (INFO) - django.utils.autoreload - Watching for file changes with StatReloader
2025-04-12 00:14:41,130 (WARNING) - silk.profiling.profiler - Cannot execute silk_profile as silk is not installed correctly.
2025-04-12 00:14:44,972 (WARNING) - drf_yasg.inspectors.base - view's OrderViewSet raised exception during schema generation; use `getattr(self, 'swagger_fake_view', False)` to detect and short-circuit this
Traceback (most recent call last):
  File "/Users/mac/.local/share/virtualenvs/storefront3-7A2ZaXMV/lib/python3.9/site-packages/drf_yasg/inspectors/base.py", line 42, in call_view_method
    return view_method()
  File "/Users/mac/Movies/backend/tutorial_3/storefront3/store/views.py", line 322, in get_queryset
    customer_id = Customer.objects.only('id').get(user_id=user.id)
  File "/Users/mac/.local/share/virtualenvs/storefront3-7A2ZaXMV/lib/python3.9/site-packages/django/db/models/query.py", line 637, in get
    raise self.model.DoesNotExist(
store.models.Customer.DoesNotExist: Customer matching query does not exist.
2025-04-12 00:14:44,982 (WARNING) - drf_yasg.inspectors.base - view's ReviewViewSet raised exception during schema generation; use `getattr(self, 'swagger_fake_view', False)` to detect and short-circuit this
Traceback (most recent call last):
  File "/Users/mac/.local/share/virtualenvs/storefront3-7A2ZaXMV/lib/python3.9/site-packages/drf_yasg/inspectors/base.py", line 42, in call_view_method
    return view_method()
  File "/Users/mac/Movies/backend/tutorial_3/storefront3/store/views.py", line 234, in get_queryset
    return Review.objects.filter(product_id=self.kwargs['product_pk'])
KeyError: 'product_pk'
2025-04-12 00:14:44,982 (WARNING) - drf_yasg.inspectors.base - view's ProductImageViewSet raised exception during schema generation; use `getattr(self, 'swagger_fake_view', False)` to detect and short-circuit this
Traceback (most recent call last):
  File "/Users/mac/.local/share/virtualenvs/storefront3-7A2ZaXMV/lib/python3.9/site-packages/drf_yasg/inspectors/base.py", line 42, in call_view_method
    return view_method()
  File "/Users/mac/Movies/backend/tutorial_3/storefront3/store/views.py", line 193, in get_queryset
    return ProductImage.objects.filter(product_id=self.kwargs['product_pk'])
KeyError: 'product_pk'
2025-04-12 00:14:44,982 (WARNING) - drf_yasg.inspectors.base - view's CartItemViewSet raised exception during schema generation; use `getattr(self, 'swagger_fake_view', False)` to detect and short-circuit this
Traceback (most recent call last):
  File "/Users/mac/.local/share/virtualenvs/storefront3-7A2ZaXMV/lib/python3.9/site-packages/drf_yasg/inspectors/base.py", line 42, in call_view_method
    return view_method()
  File "/Users/mac/Movies/backend/tutorial_3/storefront3/store/views.py", line 269, in get_queryset
    .filter(cart_id=self.kwargs['cart_pk'])
KeyError: 'cart_pk'
2025-04-12 00:14:44,983 (WARNING) - drf_yasg.inspectors.base - view's ReviewViewSet raised exception during schema generation; use `getattr(self, 'swagger_fake_view', False)` to detect and short-circuit this
Traceback (most recent call last):
  File "/Users/mac/.local/share/virtualenvs/storefront3-7A2ZaXMV/lib/python3.9/site-packages/drf_yasg/inspectors/base.py", line 42, in call_view_method
    return view_method()
  File "/Users/mac/Movies/backend/tutorial_3/storefront3/store/views.py", line 234, in get_queryset
    return Review.objects.filter(product_id=self.kwargs['product_pk'])
KeyError: 'product_pk'
2025-04-12 00:14:44,983 (WARNING) - drf_yasg.inspectors.base - view's ProductImageViewSet raised exception during schema generation; use `getattr(self, 'swagger_fake_view', False)` to detect and short-circuit this
Traceback (most recent call last):
  File "/Users/mac/.local/share/virtualenvs/storefront3-7A2ZaXMV/lib/python3.9/site-packages/drf_yasg/inspectors/base.py", line 42, in call_view_method
    return view_method()
  File "/Users/mac/Movies/backend/tutorial_3/storefront3/store/views.py", line 193, in get_queryset
    return ProductImage.objects.filter(product_id=self.kwargs['product_pk'])
KeyError: 'product_pk'
2025-04-12 00:14:44,983 (WARNING) - drf_yasg.inspectors.base - view's OrderViewSet raised exception during schema generation; use `getattr(self, 'swagger_fake_view', False)` to detect and short-circuit this
Traceback (most recent call last):
  File "/Users/mac/.local/share/virtualenvs/storefront3-7A2ZaXMV/lib/python3.9/site-packages/drf_yasg/inspectors/base.py", line 42, in call_view_method
    return view_method()
  File "/Users/mac/Movies/backend/tutorial_3/storefront3/store/views.py", line 322, in get_queryset
    customer_id = Customer.objects.only('id').get(user_id=user.id)
  File "/Users/mac/.local/share/virtualenvs/storefront3-7A2ZaXMV/lib/python3.9/site-packages/django/db/models/query.py", line 637, in get
    raise self.model.DoesNotExist(
store.models.Customer.DoesNotExist: Customer matching query does not exist.
2025-04-12 00:14:44,984 (WARNING) - drf_yasg.inspectors.base - view's ReviewViewSet raised exception during schema generation; use `getattr(self, 'swagger_fake_view', False)` to detect and short-circuit this
Traceback (most recent call last):
  File "/Users/mac/.local/share/virtualenvs/storefront3-7A2ZaXMV/lib/python3.9/site-packages/drf_yasg/inspectors/base.py", line 42, in call_view_method
    return view_method()
  File "/Users/mac/Movies/backend/tutorial_3/storefront3/store/views.py", line 234, in get_queryset
    return Review.objects.filter(product_id=self.kwargs['product_pk'])
KeyError: 'product_pk'
2025-04-12 00:14:44,984 (WARNING) - drf_yasg.inspectors.base - view's ProductImageViewSet raised exception during schema generation; use `getattr(self, 'swagger_fake_view', False)` to detect and short-circuit this
Traceback (most recent call last):
  File "/Users/mac/.local/share/virtualenvs/storefront3-7A2ZaXMV/lib/python3.9/site-packages/drf_yasg/inspectors/base.py", line 42, in call_view_method
    return view_method()
  File "/Users/mac/Movies/backend/tutorial_3/storefront3/store/views.py", line 193, in get_queryset
    return ProductImage.objects.filter(product_id=self.kwargs['product_pk'])
KeyError: 'product_pk'
2025-04-12 00:14:44,984 (WARNING) - drf_yasg.inspectors.base - view's CartItemViewSet raised exception during schema generation; use `getattr(self, 'swagger_fake_view', False)` to detect and short-circuit this
Traceback (most recent call last):
  File "/Users/mac/.local/share/virtualenvs/storefront3-7A2ZaXMV/lib/python3.9/site-packages/drf_yasg/inspectors/base.py", line 42, in call_view_method
    return view_method()
  File "/Users/mac/Movies/backend/tutorial_3/storefront3/store/views.py", line 269, in get_queryset
    .filter(cart_id=self.kwargs['cart_pk'])
KeyError: 'cart_pk'
2025-04-12 00:14:44,984 (WARNING) - drf_yasg.inspectors.base - view's OrderViewSet raised exception during schema generation; use `getattr(self, 'swagger_fake_view', False)` to detect and short-circuit this
Traceback (most recent call last):
  File "/Users/mac/.local/share/virtualenvs/storefront3-7A2ZaXMV/lib/python3.9/site-packages/drf_yasg/inspectors/base.py", line 42, in call_view_method
    return view_method()
  File "/Users/mac/Movies/backend/tutorial_3/storefront3/store/views.py", line 322, in get_queryset
    customer_id = Customer.objects.only('id').get(user_id=user.id)
  File "/Users/mac/.local/share/virtualenvs/storefront3-7A2ZaXMV/lib/python3.9/site-packages/django/db/models/query.py", line 637, in get
    raise self.model.DoesNotExist(
store.models.Customer.DoesNotExist: Customer matching query does not exist.
2025-04-12 00:14:44,984 (WARNING) - drf_yasg.inspectors.base - view's ReviewViewSet raised exception during schema generation; use `getattr(self, 'swagger_fake_view', False)` to detect and short-circuit this
Traceback (most recent call last):
  File "/Users/mac/.local/share/virtualenvs/storefront3-7A2ZaXMV/lib/python3.9/site-packages/drf_yasg/inspectors/base.py", line 42, in call_view_method
    return view_method()
  File "/Users/mac/Movies/backend/tutorial_3/storefront3/store/views.py", line 234, in get_queryset
    return Review.objects.filter(product_id=self.kwargs['product_pk'])
KeyError: 'product_pk'
2025-04-12 00:14:44,984 (WARNING) - drf_yasg.inspectors.base - view's ProductImageViewSet raised exception during schema generation; use `getattr(self, 'swagger_fake_view', False)` to detect and short-circuit this
Traceback (most recent call last):
  File "/Users/mac/.local/share/virtualenvs/storefront3-7A2ZaXMV/lib/python3.9/site-packages/drf_yasg/inspectors/base.py", line 42, in call_view_method
    return view_method()
  File "/Users/mac/Movies/backend/tutorial_3/storefront3/store/views.py", line 193, in get_queryset
    return ProductImage.objects.filter(product_id=self.kwargs['product_pk'])
KeyError: 'product_pk'
2025-04-12 00:14:44,984 (WARNING) - drf_yasg.inspectors.base - view's CartItemViewSet raised exception during schema generation; use `getattr(self, 'swagger_fake_view', False)` to detect and short-circuit this
Traceback (most recent call last):
  File "/Users/mac/.local/share/virtualenvs/storefront3-7A2ZaXMV/lib/python3.9/site-packages/drf_yasg/inspectors/base.py", line 42, in call_view_method
    return view_method()
  File "/Users/mac/Movies/backend/tutorial_3/storefront3/store/views.py", line 269, in get_queryset
    .filter(cart_id=self.kwargs['cart_pk'])
KeyError: 'cart_pk'
2025-04-12 00:14:45,038 (ERROR) - django.request - Internal Server Error: /swagger/
Traceback (most recent call last):
  File "/Users/mac/.local/share/virtualenvs/storefront3-7A2ZaXMV/lib/python3.9/site-packages/django/core/handlers/exception.py", line 55, in inner
    response = get_response(request)
  File "/Users/mac/.local/share/virtualenvs/storefront3-7A2ZaXMV/lib/python3.9/site-packages/django/core/handlers/base.py", line 197, in _get_response
    response = wrapped_callback(request, *callback_args, **callback_kwargs)
  File "/Users/mac/.local/share/virtualenvs/storefront3-7A2ZaXMV/lib/python3.9/site-packages/django/views/decorators/csrf.py", line 56, in wrapper_view
    return view_func(*args, **kwargs)
  File "/Users/mac/.local/share/virtualenvs/storefront3-7A2ZaXMV/lib/python3.9/site-packages/django/views/generic/base.py", line 104, in view
    return self.dispatch(request, *args, **kwargs)
  File "/Users/mac/.local/share/virtualenvs/storefront3-7A2ZaXMV/lib/python3.9/site-packages/rest_framework/views.py", line 515, in dispatch
    response = self.handle_exception(exc)
  File "/Users/mac/.local/share/virtualenvs/storefront3-7A2ZaXMV/lib/python3.9/site-packages/rest_framework/views.py", line 475, in handle_exception
    self.raise_uncaught_exception(exc)
  File "/Users/mac/.local/share/virtualenvs/storefront3-7A2ZaXMV/lib/python3.9/site-packages/rest_framework/views.py", line 486, in raise_uncaught_exception
    raise exc
  File "/Users/mac/.local/share/virtualenvs/storefront3-7A2ZaXMV/lib/python3.9/site-packages/rest_framework/views.py", line 512, in dispatch
    response = handler(request, *args, **kwargs)
  File "/Users/mac/.local/share/virtualenvs/storefront3-7A2ZaXMV/lib/python3.9/site-packages/drf_yasg/views.py", line 112, in get
    schema = generator.get_schema(request, self.public)
  File "/Users/mac/.local/share/virtualenvs/storefront3-7A2ZaXMV/lib/python3.9/site-packages/drf_yasg/generators.py", line 276, in get_schema
    paths, prefix = self.get_paths(endpoints, components, request, public)
  File "/Users/mac/.local/share/virtualenvs/storefront3-7A2ZaXMV/lib/python3.9/site-packages/drf_yasg/generators.py", line 482, in get_paths
    operation = self.get_operation(view, path, prefix, method, components, request)
  File "/Users/mac/.local/share/virtualenvs/storefront3-7A2ZaXMV/lib/python3.9/site-packages/drf_yasg/generators.py", line 524, in get_operation
    operation = view_inspector.get_operation(operation_keys)
  File "/Users/mac/.local/share/virtualenvs/storefront3-7A2ZaXMV/lib/python3.9/site-packages/drf_yasg/inspectors/view.py", line 45, in get_operation
    responses = self.get_responses()
  File "/Users/mac/.local/share/virtualenvs/storefront3-7A2ZaXMV/lib/python3.9/site-packages/drf_yasg/inspectors/view.py", line 180, in get_responses
    response_serializers = self.get_response_serializers()
  File "/Users/mac/.local/share/virtualenvs/storefront3-7A2ZaXMV/lib/python3.9/site-packages/drf_yasg/inspectors/view.py", line 235, in get_response_serializers
    responses = self.get_default_responses()
  File "/Users/mac/.local/share/virtualenvs/storefront3-7A2ZaXMV/lib/python3.9/site-packages/drf_yasg/inspectors/view.py", line 211, in get_default_responses
    default_schema = self.serializer_to_schema(default_schema) or ''
  File "/Users/mac/.local/share/virtualenvs/storefront3-7A2ZaXMV/lib/python3.9/site-packages/drf_yasg/inspectors/base.py", line 438, in serializer_to_schema
    return self.probe_inspectors(
  File "/Users/mac/.local/share/virtualenvs/storefront3-7A2ZaXMV/lib/python3.9/site-packages/drf_yasg/inspectors/base.py", line 110, in probe_inspectors
    result = method(obj, **kwargs)
  File "/Users/mac/.local/share/virtualenvs/storefront3-7A2ZaXMV/lib/python3.9/site-packages/drf_yasg/inspectors/field.py", line 49, in get_schema
    return self.probe_field_inspectors(serializer, openapi.Schema, self.use_definitions)
  File "/Users/mac/.local/share/virtualenvs/storefront3-7A2ZaXMV/lib/python3.9/site-packages/drf_yasg/inspectors/base.py", line 228, in probe_field_inspectors
    return self.probe_inspectors(
  File "/Users/mac/.local/share/virtualenvs/storefront3-7A2ZaXMV/lib/python3.9/site-packages/drf_yasg/inspectors/base.py", line 110, in probe_inspectors
    result = method(obj, **kwargs)
  File "/Users/mac/.local/share/virtualenvs/storefront3-7A2ZaXMV/lib/python3.9/site-packages/drf_yasg/inspectors/field.py", line 148, in field_to_swagger_object
    raise SwaggerGenerationError(
drf_yasg.errors.SwaggerGenerationError: Schema for <class 'djoser.serializers.UserSerializer'> would override distinct serializer <class 'core.serializers.UserSerializer'> because they implicitly share the same ref_name; explicitly set the ref_name attribute on both serializers' Meta classes
2025-04-12 00:14:50,487 (INFO) - django.utils.autoreload - Watching for file changes with StatReloader
2025-04-12 00:14:50,542 (WARNING) - silk.profiling.profiler - Cannot execute silk_profile as silk is not installed correctly.
2025-04-12 00:14:53,650 (WARNING) - drf_yasg.inspectors.base - view's OrderViewSet raised exception during schema generation; use `getattr(self, 'swagger_fake_view', False)` to detect and short-circuit this
Traceback (most recent call last):
  File "/Users/mac/.local/share/virtualenvs/storefront3-7A2ZaXMV/lib/python3.9/site-packages/drf_yasg/inspectors/base.py", line 42, in call_view_method
    return view_method()
  File "/Users/mac/Movies/backend/tutorial_3/storefront3/store/views.py", line 322, in get_queryset
    customer_id = Customer.objects.only('id').get(user_id=user.id)
  File "/Users/mac/.local/share/virtualenvs/storefront3-7A2ZaXMV/lib/python3.9/site-packages/django/db/models/query.py", line 637, in get
    raise self.model.DoesNotExist(
store.models.Customer.DoesNotExist: Customer matching query does not exist.
2025-04-12 00:14:53,658 (WARNING) - drf_yasg.inspectors.base - view's ReviewViewSet raised exception during schema generation; use `getattr(self, 'swagger_fake_view', False)` to detect and short-circuit this
Traceback (most recent call last):
  File "/Users/mac/.local/share/virtualenvs/storefront3-7A2ZaXMV/lib/python3.9/site-packages/drf_yasg/inspectors/base.py", line 42, in call_view_method
    return view_method()
  File "/Users/mac/Movies/backend/tutorial_3/storefront3/store/views.py", line 234, in get_queryset
    return Review.objects.filter(product_id=self.kwargs['product_pk'])
KeyError: 'product_pk'
2025-04-12 00:14:53,658 (WARNING) - drf_yasg.inspectors.base - view's ProductImageViewSet raised exception during schema generation; use `getattr(self, 'swagger_fake_view', False)` to detect and short-circuit this
Traceback (most recent call last):
  File "/Users/mac/.local/share/virtualenvs/storefront3-7A2ZaXMV/lib/python3.9/site-packages/drf_yasg/inspectors/base.py", line 42, in call_view_method
    return view_method()
  File "/Users/mac/Movies/backend/tutorial_3/storefront3/store/views.py", line 193, in get_queryset
    return ProductImage.objects.filter(product_id=self.kwargs['product_pk'])
KeyError: 'product_pk'
2025-04-12 00:14:53,659 (WARNING) - drf_yasg.inspectors.base - view's CartItemViewSet raised exception during schema generation; use `getattr(self, 'swagger_fake_view', False)` to detect and short-circuit this
Traceback (most recent call last):
  File "/Users/mac/.local/share/virtualenvs/storefront3-7A2ZaXMV/lib/python3.9/site-packages/drf_yasg/inspectors/base.py", line 42, in call_view_method
    return view_method()
  File "/Users/mac/Movies/backend/tutorial_3/storefront3/store/views.py", line 269, in get_queryset
    .filter(cart_id=self.kwargs['cart_pk'])
KeyError: 'cart_pk'
2025-04-12 00:14:53,662 (WARNING) - drf_yasg.inspectors.base - view's ReviewViewSet raised exception during schema generation; use `getattr(self, 'swagger_fake_view', False)` to detect and short-circuit this
Traceback (most recent call last):
  File "/Users/mac/.local/share/virtualenvs/storefront3-7A2ZaXMV/lib/python3.9/site-packages/drf_yasg/inspectors/base.py", line 42, in call_view_method
    return view_method()
  File "/Users/mac/Movies/backend/tutorial_3/storefront3/store/views.py", line 234, in get_queryset
    return Review.objects.filter(product_id=self.kwargs['product_pk'])
KeyError: 'product_pk'
2025-04-12 00:14:53,662 (WARNING) - drf_yasg.inspectors.base - view's ProductImageViewSet raised exception during schema generation; use `getattr(self, 'swagger_fake_view', False)` to detect and short-circuit this
Traceback (most recent call last):
  File "/Users/mac/.local/share/virtualenvs/storefront3-7A2ZaXMV/lib/python3.9/site-packages/drf_yasg/inspectors/base.py", line 42, in call_view_method
    return view_method()
  File "/Users/mac/Movies/backend/tutorial_3/storefront3/store/views.py", line 193, in get_queryset
    return ProductImage.objects.filter(product_id=self.kwargs['product_pk'])
KeyError: 'product_pk'
2025-04-12 00:14:53,664 (WARNING) - drf_yasg.inspectors.base - view's OrderViewSet raised exception during schema generation; use `getattr(self, 'swagger_fake_view', False)` to detect and short-circuit this
Traceback (most recent call last):
  File "/Users/mac/.local/share/virtualenvs/storefront3-7A2ZaXMV/lib/python3.9/site-packages/drf_yasg/inspectors/base.py", line 42, in call_view_method
    return view_method()
  File "/Users/mac/Movies/backend/tutorial_3/storefront3/store/views.py", line 322, in get_queryset
    customer_id = Customer.objects.only('id').get(user_id=user.id)
  File "/Users/mac/.local/share/virtualenvs/storefront3-7A2ZaXMV/lib/python3.9/site-packages/django/db/models/query.py", line 637, in get
    raise self.model.DoesNotExist(
store.models.Customer.DoesNotExist: Customer matching query does not exist.
2025-04-12 00:14:53,664 (WARNING) - drf_yasg.inspectors.base - view's ReviewViewSet raised exception during schema generation; use `getattr(self, 'swagger_fake_view', False)` to detect and short-circuit this
Traceback (most recent call last):
  File "/Users/mac/.local/share/virtualenvs/storefront3-7A2ZaXMV/lib/python3.9/site-packages/drf_yasg/inspectors/base.py", line 42, in call_view_method
    return view_method()
  File "/Users/mac/Movies/backend/tutorial_3/storefront3/store/views.py", line 234, in get_queryset
    return Review.objects.filter(product_id=self.kwargs['product_pk'])
KeyError: 'product_pk'
2025-04-12 00:14:53,669 (WARNING) - drf_yasg.inspectors.base - view's ProductImageViewSet raised exception during schema generation; use `getattr(self, 'swagger_fake_view', False)` to detect and short-circuit this
Traceback (most recent call last):
  File "/Users/mac/.local/share/virtualenvs/storefront3-7A2ZaXMV/lib/python3.9/site-packages/drf_yasg/inspectors/base.py", line 42, in call_view_method
    return view_method()
  File "/Users/mac/Movies/backend/tutorial_3/storefront3/store/views.py", line 193, in get_queryset
    return ProductImage.objects.filter(product_id=self.kwargs['product_pk'])
KeyError: 'product_pk'
2025-04-12 00:14:53,669 (WARNING) - drf_yasg.inspectors.base - view's CartItemViewSet raised exception during schema generation; use `getattr(self, 'swagger_fake_view', False)` to detect and short-circuit this
Traceback (most recent call last):
  File "/Users/mac/.local/share/virtualenvs/storefront3-7A2ZaXMV/lib/python3.9/site-packages/drf_yasg/inspectors/base.py", line 42, in call_view_method
    return view_method()
  File "/Users/mac/Movies/backend/tutorial_3/storefront3/store/views.py", line 269, in get_queryset
    .filter(cart_id=self.kwargs['cart_pk'])
KeyError: 'cart_pk'
2025-04-12 00:14:53,670 (WARNING) - drf_yasg.inspectors.base - view's OrderViewSet raised exception during schema generation; use `getattr(self, 'swagger_fake_view', False)` to detect and short-circuit this
Traceback (most recent call last):
  File "/Users/mac/.local/share/virtualenvs/storefront3-7A2ZaXMV/lib/python3.9/site-packages/drf_yasg/inspectors/base.py", line 42, in call_view_method
    return view_method()
  File "/Users/mac/Movies/backend/tutorial_3/storefront3/store/views.py", line 322, in get_queryset
    customer_id = Customer.objects.only('id').get(user_id=user.id)
  File "/Users/mac/.local/share/virtualenvs/storefront3-7A2ZaXMV/lib/python3.9/site-packages/django/db/models/query.py", line 637, in get
    raise self.model.DoesNotExist(
store.models.Customer.DoesNotExist: Customer matching query does not exist.
2025-04-12 00:14:53,670 (WARNING) - drf_yasg.inspectors.base - view's ReviewViewSet raised exception during schema generation; use `getattr(self, 'swagger_fake_view', False)` to detect and short-circuit this
Traceback (most recent call last):
  File "/Users/mac/.local/share/virtualenvs/storefront3-7A2ZaXMV/lib/python3.9/site-packages/drf_yasg/inspectors/base.py", line 42, in call_view_method
    return view_method()
  File "/Users/mac/Movies/backend/tutorial_3/storefront3/store/views.py", line 234, in get_queryset
    return Review.objects.filter(product_id=self.kwargs['product_pk'])
KeyError: 'product_pk'
2025-04-12 00:14:53,670 (WARNING) - drf_yasg.inspectors.base - view's ProductImageViewSet raised exception during schema generation; use `getattr(self, 'swagger_fake_view', False)` to detect and short-circuit this
Traceback (most recent call last):
  File "/Users/mac/.local/share/virtualenvs/storefront3-7A2ZaXMV/lib/python3.9/site-packages/drf_yasg/inspectors/base.py", line 42, in call_view_method
    return view_method()
  File "/Users/mac/Movies/backend/tutorial_3/storefront3/store/views.py", line 193, in get_queryset
    return ProductImage.objects.filter(product_id=self.kwargs['product_pk'])
KeyError: 'product_pk'
2025-04-12 00:14:53,670 (WARNING) - drf_yasg.inspectors.base - view's CartItemViewSet raised exception during schema generation; use `getattr(self, 'swagger_fake_view', False)` to detect and short-circuit this
Traceback (most recent call last):
  File "/Users/mac/.local/share/virtualenvs/storefront3-7A2ZaXMV/lib/python3.9/site-packages/drf_yasg/inspectors/base.py", line 42, in call_view_method
    return view_method()
  File "/Users/mac/Movies/backend/tutorial_3/storefront3/store/views.py", line 269, in get_queryset
    .filter(cart_id=self.kwargs['cart_pk'])
KeyError: 'cart_pk'
2025-04-12 00:14:53,721 (ERROR) - django.request - Internal Server Error: /swagger/
Traceback (most recent call last):
  File "/Users/mac/.local/share/virtualenvs/storefront3-7A2ZaXMV/lib/python3.9/site-packages/django/core/handlers/exception.py", line 55, in inner
    response = get_response(request)
  File "/Users/mac/.local/share/virtualenvs/storefront3-7A2ZaXMV/lib/python3.9/site-packages/django/core/handlers/base.py", line 197, in _get_response
    response = wrapped_callback(request, *callback_args, **callback_kwargs)
  File "/Users/mac/.local/share/virtualenvs/storefront3-7A2ZaXMV/lib/python3.9/site-packages/django/views/decorators/csrf.py", line 56, in wrapper_view
    return view_func(*args, **kwargs)
  File "/Users/mac/.local/share/virtualenvs/storefront3-7A2ZaXMV/lib/python3.9/site-packages/django/views/generic/base.py", line 104, in view
    return self.dispatch(request, *args, **kwargs)
  File "/Users/mac/.local/share/virtualenvs/storefront3-7A2ZaXMV/lib/python3.9/site-packages/rest_framework/views.py", line 515, in dispatch
    response = self.handle_exception(exc)
  File "/Users/mac/.local/share/virtualenvs/storefront3-7A2ZaXMV/lib/python3.9/site-packages/rest_framework/views.py", line 475, in handle_exception
    self.raise_uncaught_exception(exc)
  File "/Users/mac/.local/share/virtualenvs/storefront3-7A2ZaXMV/lib/python3.9/site-packages/rest_framework/views.py", line 486, in raise_uncaught_exception
    raise exc
  File "/Users/mac/.local/share/virtualenvs/storefront3-7A2ZaXMV/lib/python3.9/site-packages/rest_framework/views.py", line 512, in dispatch
    response = handler(request, *args, **kwargs)
  File "/Users/mac/.local/share/virtualenvs/storefront3-7A2ZaXMV/lib/python3.9/site-packages/drf_yasg/views.py", line 112, in get
    schema = generator.get_schema(request, self.public)
  File "/Users/mac/.local/share/virtualenvs/storefront3-7A2ZaXMV/lib/python3.9/site-packages/drf_yasg/generators.py", line 276, in get_schema
    paths, prefix = self.get_paths(endpoints, components, request, public)
  File "/Users/mac/.local/share/virtualenvs/storefront3-7A2ZaXMV/lib/python3.9/site-packages/drf_yasg/generators.py", line 482, in get_paths
    operation = self.get_operation(view, path, prefix, method, components, request)
  File "/Users/mac/.local/share/virtualenvs/storefront3-7A2ZaXMV/lib/python3.9/site-packages/drf_yasg/generators.py", line 524, in get_operation
    operation = view_inspector.get_operation(operation_keys)
  File "/Users/mac/.local/share/virtualenvs/storefront3-7A2ZaXMV/lib/python3.9/site-packages/drf_yasg/inspectors/view.py", line 45, in get_operation
    responses = self.get_responses()
  File "/Users/mac/.local/share/virtualenvs/storefront3-7A2ZaXMV/lib/python3.9/site-packages/drf_yasg/inspectors/view.py", line 180, in get_responses
    response_serializers = self.get_response_serializers()
  File "/Users/mac/.local/share/virtualenvs/storefront3-7A2ZaXMV/lib/python3.9/site-packages/drf_yasg/inspectors/view.py", line 235, in get_response_serializers
    responses = self.get_default_responses()
  File "/Users/mac/.local/share/virtualenvs/storefront3-7A2ZaXMV/lib/python3.9/site-packages/drf_yasg/inspectors/view.py", line 211, in get_default_responses
    default_schema = self.serializer_to_schema(default_schema) or ''
  File "/Users/mac/.local/share/virtualenvs/storefront3-7A2ZaXMV/lib/python3.9/site-packages/drf_yasg/inspectors/base.py", line 438, in serializer_to_schema
    return self.probe_inspectors(
  File "/Users/mac/.local/share/virtualenvs/storefront3-7A2ZaXMV/lib/python3.9/site-packages/drf_yasg/inspectors/base.py", line 110, in probe_inspectors
    result = method(obj, **kwargs)
  File "/Users/mac/.local/share/virtualenvs/storefront3-7A2ZaXMV/lib/python3.9/site-packages/drf_yasg/inspectors/field.py", line 49, in get_schema
    return self.probe_field_inspectors(serializer, openapi.Schema, self.use_definitions)
  File "/Users/mac/.local/share/virtualenvs/storefront3-7A2ZaXMV/lib/python3.9/site-packages/drf_yasg/inspectors/base.py", line 228, in probe_field_inspectors
    return self.probe_inspectors(
  File "/Users/mac/.local/share/virtualenvs/storefront3-7A2ZaXMV/lib/python3.9/site-packages/drf_yasg/inspectors/base.py", line 110, in probe_inspectors
    result = method(obj, **kwargs)
  File "/Users/mac/.local/share/virtualenvs/storefront3-7A2ZaXMV/lib/python3.9/site-packages/drf_yasg/inspectors/field.py", line 148, in field_to_swagger_object
    raise SwaggerGenerationError(
drf_yasg.errors.SwaggerGenerationError: Schema for <class 'djoser.serializers.UserSerializer'> would override distinct serializer <class 'core.serializers.UserSerializer'> because they implicitly share the same ref_name; explicitly set the ref_name attribute on both serializers' Meta classes
2025-04-12 00:14:58,469 (WARNING) - drf_yasg.inspectors.base - view's OrderViewSet raised exception during schema generation; use `getattr(self, 'swagger_fake_view', False)` to detect and short-circuit this
Traceback (most recent call last):
  File "/Users/mac/.local/share/virtualenvs/storefront3-7A2ZaXMV/lib/python3.9/site-packages/drf_yasg/inspectors/base.py", line 42, in call_view_method
    return view_method()
  File "/Users/mac/Movies/backend/tutorial_3/storefront3/store/views.py", line 322, in get_queryset
    customer_id = Customer.objects.only('id').get(user_id=user.id)
  File "/Users/mac/.local/share/virtualenvs/storefront3-7A2ZaXMV/lib/python3.9/site-packages/django/db/models/query.py", line 637, in get
    raise self.model.DoesNotExist(
store.models.Customer.DoesNotExist: Customer matching query does not exist.
2025-04-12 00:14:58,470 (WARNING) - drf_yasg.inspectors.base - view's ReviewViewSet raised exception during schema generation; use `getattr(self, 'swagger_fake_view', False)` to detect and short-circuit this
Traceback (most recent call last):
  File "/Users/mac/.local/share/virtualenvs/storefront3-7A2ZaXMV/lib/python3.9/site-packages/drf_yasg/inspectors/base.py", line 42, in call_view_method
    return view_method()
  File "/Users/mac/Movies/backend/tutorial_3/storefront3/store/views.py", line 234, in get_queryset
    return Review.objects.filter(product_id=self.kwargs['product_pk'])
KeyError: 'product_pk'
2025-04-12 00:14:58,471 (WARNING) - drf_yasg.inspectors.base - view's ProductImageViewSet raised exception during schema generation; use `getattr(self, 'swagger_fake_view', False)` to detect and short-circuit this
Traceback (most recent call last):
  File "/Users/mac/.local/share/virtualenvs/storefront3-7A2ZaXMV/lib/python3.9/site-packages/drf_yasg/inspectors/base.py", line 42, in call_view_method
    return view_method()
  File "/Users/mac/Movies/backend/tutorial_3/storefront3/store/views.py", line 193, in get_queryset
    return ProductImage.objects.filter(product_id=self.kwargs['product_pk'])
KeyError: 'product_pk'
2025-04-12 00:14:58,471 (WARNING) - drf_yasg.inspectors.base - view's CartItemViewSet raised exception during schema generation; use `getattr(self, 'swagger_fake_view', False)` to detect and short-circuit this
Traceback (most recent call last):
  File "/Users/mac/.local/share/virtualenvs/storefront3-7A2ZaXMV/lib/python3.9/site-packages/drf_yasg/inspectors/base.py", line 42, in call_view_method
    return view_method()
  File "/Users/mac/Movies/backend/tutorial_3/storefront3/store/views.py", line 269, in get_queryset
    .filter(cart_id=self.kwargs['cart_pk'])
KeyError: 'cart_pk'
2025-04-12 00:14:58,471 (WARNING) - drf_yasg.inspectors.base - view's ReviewViewSet raised exception during schema generation; use `getattr(self, 'swagger_fake_view', False)` to detect and short-circuit this
Traceback (most recent call last):
  File "/Users/mac/.local/share/virtualenvs/storefront3-7A2ZaXMV/lib/python3.9/site-packages/drf_yasg/inspectors/base.py", line 42, in call_view_method
    return view_method()
  File "/Users/mac/Movies/backend/tutorial_3/storefront3/store/views.py", line 234, in get_queryset
    return Review.objects.filter(product_id=self.kwargs['product_pk'])
KeyError: 'product_pk'
2025-04-12 00:14:58,471 (WARNING) - drf_yasg.inspectors.base - view's ProductImageViewSet raised exception during schema generation; use `getattr(self, 'swagger_fake_view', False)` to detect and short-circuit this
Traceback (most recent call last):
  File "/Users/mac/.local/share/virtualenvs/storefront3-7A2ZaXMV/lib/python3.9/site-packages/drf_yasg/inspectors/base.py", line 42, in call_view_method
    return view_method()
  File "/Users/mac/Movies/backend/tutorial_3/storefront3/store/views.py", line 193, in get_queryset
    return ProductImage.objects.filter(product_id=self.kwargs['product_pk'])
KeyError: 'product_pk'
2025-04-12 00:14:58,473 (WARNING) - drf_yasg.inspectors.base - view's OrderViewSet raised exception during schema generation; use `getattr(self, 'swagger_fake_view', False)` to detect and short-circuit this
Traceback (most recent call last):
  File "/Users/mac/.local/share/virtualenvs/storefront3-7A2ZaXMV/lib/python3.9/site-packages/drf_yasg/inspectors/base.py", line 42, in call_view_method
    return view_method()
  File "/Users/mac/Movies/backend/tutorial_3/storefront3/store/views.py", line 322, in get_queryset
    customer_id = Customer.objects.only('id').get(user_id=user.id)
  File "/Users/mac/.local/share/virtualenvs/storefront3-7A2ZaXMV/lib/python3.9/site-packages/django/db/models/query.py", line 637, in get
    raise self.model.DoesNotExist(
store.models.Customer.DoesNotExist: Customer matching query does not exist.
2025-04-12 00:14:58,473 (WARNING) - drf_yasg.inspectors.base - view's ReviewViewSet raised exception during schema generation; use `getattr(self, 'swagger_fake_view', False)` to detect and short-circuit this
Traceback (most recent call last):
  File "/Users/mac/.local/share/virtualenvs/storefront3-7A2ZaXMV/lib/python3.9/site-packages/drf_yasg/inspectors/base.py", line 42, in call_view_method
    return view_method()
  File "/Users/mac/Movies/backend/tutorial_3/storefront3/store/views.py", line 234, in get_queryset
    return Review.objects.filter(product_id=self.kwargs['product_pk'])
KeyError: 'product_pk'
2025-04-12 00:14:58,473 (WARNING) - drf_yasg.inspectors.base - view's ProductImageViewSet raised exception during schema generation; use `getattr(self, 'swagger_fake_view', False)` to detect and short-circuit this
Traceback (most recent call last):
  File "/Users/mac/.local/share/virtualenvs/storefront3-7A2ZaXMV/lib/python3.9/site-packages/drf_yasg/inspectors/base.py", line 42, in call_view_method
    return view_method()
  File "/Users/mac/Movies/backend/tutorial_3/storefront3/store/views.py", line 193, in get_queryset
    return ProductImage.objects.filter(product_id=self.kwargs['product_pk'])
KeyError: 'product_pk'
2025-04-12 00:14:58,473 (WARNING) - drf_yasg.inspectors.base - view's CartItemViewSet raised exception during schema generation; use `getattr(self, 'swagger_fake_view', False)` to detect and short-circuit this
Traceback (most recent call last):
  File "/Users/mac/.local/share/virtualenvs/storefront3-7A2ZaXMV/lib/python3.9/site-packages/drf_yasg/inspectors/base.py", line 42, in call_view_method
    return view_method()
  File "/Users/mac/Movies/backend/tutorial_3/storefront3/store/views.py", line 269, in get_queryset
    .filter(cart_id=self.kwargs['cart_pk'])
KeyError: 'cart_pk'
2025-04-12 00:14:58,474 (WARNING) - drf_yasg.inspectors.base - view's OrderViewSet raised exception during schema generation; use `getattr(self, 'swagger_fake_view', False)` to detect and short-circuit this
Traceback (most recent call last):
  File "/Users/mac/.local/share/virtualenvs/storefront3-7A2ZaXMV/lib/python3.9/site-packages/drf_yasg/inspectors/base.py", line 42, in call_view_method
    return view_method()
  File "/Users/mac/Movies/backend/tutorial_3/storefront3/store/views.py", line 322, in get_queryset
    customer_id = Customer.objects.only('id').get(user_id=user.id)
  File "/Users/mac/.local/share/virtualenvs/storefront3-7A2ZaXMV/lib/python3.9/site-packages/django/db/models/query.py", line 637, in get
    raise self.model.DoesNotExist(
store.models.Customer.DoesNotExist: Customer matching query does not exist.
2025-04-12 00:14:58,474 (WARNING) - drf_yasg.inspectors.base - view's ReviewViewSet raised exception during schema generation; use `getattr(self, 'swagger_fake_view', False)` to detect and short-circuit this
Traceback (most recent call last):
  File "/Users/mac/.local/share/virtualenvs/storefront3-7A2ZaXMV/lib/python3.9/site-packages/drf_yasg/inspectors/base.py", line 42, in call_view_method
    return view_method()
  File "/Users/mac/Movies/backend/tutorial_3/storefront3/store/views.py", line 234, in get_queryset
    return Review.objects.filter(product_id=self.kwargs['product_pk'])
KeyError: 'product_pk'
2025-04-12 00:14:58,474 (WARNING) - drf_yasg.inspectors.base - view's ProductImageViewSet raised exception during schema generation; use `getattr(self, 'swagger_fake_view', False)` to detect and short-circuit this
Traceback (most recent call last):
  File "/Users/mac/.local/share/virtualenvs/storefront3-7A2ZaXMV/lib/python3.9/site-packages/drf_yasg/inspectors/base.py", line 42, in call_view_method
    return view_method()
  File "/Users/mac/Movies/backend/tutorial_3/storefront3/store/views.py", line 193, in get_queryset
    return ProductImage.objects.filter(product_id=self.kwargs['product_pk'])
KeyError: 'product_pk'
2025-04-12 00:14:58,474 (WARNING) - drf_yasg.inspectors.base - view's CartItemViewSet raised exception during schema generation; use `getattr(self, 'swagger_fake_view', False)` to detect and short-circuit this
Traceback (most recent call last):
  File "/Users/mac/.local/share/virtualenvs/storefront3-7A2ZaXMV/lib/python3.9/site-packages/drf_yasg/inspectors/base.py", line 42, in call_view_method
    return view_method()
  File "/Users/mac/Movies/backend/tutorial_3/storefront3/store/views.py", line 269, in get_queryset
    .filter(cart_id=self.kwargs['cart_pk'])
KeyError: 'cart_pk'
2025-04-12 00:14:58,512 (ERROR) - django.request - Internal Server Error: /swagger/
Traceback (most recent call last):
  File "/Users/mac/.local/share/virtualenvs/storefront3-7A2ZaXMV/lib/python3.9/site-packages/django/core/handlers/exception.py", line 55, in inner
    response = get_response(request)
  File "/Users/mac/.local/share/virtualenvs/storefront3-7A2ZaXMV/lib/python3.9/site-packages/django/core/handlers/base.py", line 197, in _get_response
    response = wrapped_callback(request, *callback_args, **callback_kwargs)
  File "/Users/mac/.local/share/virtualenvs/storefront3-7A2ZaXMV/lib/python3.9/site-packages/django/views/decorators/csrf.py", line 56, in wrapper_view
    return view_func(*args, **kwargs)
  File "/Users/mac/.local/share/virtualenvs/storefront3-7A2ZaXMV/lib/python3.9/site-packages/django/views/generic/base.py", line 104, in view
    return self.dispatch(request, *args, **kwargs)
  File "/Users/mac/.local/share/virtualenvs/storefront3-7A2ZaXMV/lib/python3.9/site-packages/rest_framework/views.py", line 515, in dispatch
    response = self.handle_exception(exc)
  File "/Users/mac/.local/share/virtualenvs/storefront3-7A2ZaXMV/lib/python3.9/site-packages/rest_framework/views.py", line 475, in handle_exception
    self.raise_uncaught_exception(exc)
  File "/Users/mac/.local/share/virtualenvs/storefront3-7A2ZaXMV/lib/python3.9/site-packages/rest_framework/views.py", line 486, in raise_uncaught_exception
    raise exc
  File "/Users/mac/.local/share/virtualenvs/storefront3-7A2ZaXMV/lib/python3.9/site-packages/rest_framework/views.py", line 512, in dispatch
    response = handler(request, *args, **kwargs)
  File "/Users/mac/.local/share/virtualenvs/storefront3-7A2ZaXMV/lib/python3.9/site-packages/drf_yasg/views.py", line 112, in get
    schema = generator.get_schema(request, self.public)
  File "/Users/mac/.local/share/virtualenvs/storefront3-7A2ZaXMV/lib/python3.9/site-packages/drf_yasg/generators.py", line 276, in get_schema
    paths, prefix = self.get_paths(endpoints, components, request, public)
  File "/Users/mac/.local/share/virtualenvs/storefront3-7A2ZaXMV/lib/python3.9/site-packages/drf_yasg/generators.py", line 482, in get_paths
    operation = self.get_operation(view, path, prefix, method, components, request)
  File "/Users/mac/.local/share/virtualenvs/storefront3-7A2ZaXMV/lib/python3.9/site-packages/drf_yasg/generators.py", line 524, in get_operation
    operation = view_inspector.get_operation(operation_keys)
  File "/Users/mac/.local/share/virtualenvs/storefront3-7A2ZaXMV/lib/python3.9/site-packages/drf_yasg/inspectors/view.py", line 45, in get_operation
    responses = self.get_responses()
  File "/Users/mac/.local/share/virtualenvs/storefront3-7A2ZaXMV/lib/python3.9/site-packages/drf_yasg/inspectors/view.py", line 180, in get_responses
    response_serializers = self.get_response_serializers()
  File "/Users/mac/.local/share/virtualenvs/storefront3-7A2ZaXMV/lib/python3.9/site-packages/drf_yasg/inspectors/view.py", line 235, in get_response_serializers
    responses = self.get_default_responses()
  File "/Users/mac/.local/share/virtualenvs/storefront3-7A2ZaXMV/lib/python3.9/site-packages/drf_yasg/inspectors/view.py", line 211, in get_default_responses
    default_schema = self.serializer_to_schema(default_schema) or ''
  File "/Users/mac/.local/share/virtualenvs/storefront3-7A2ZaXMV/lib/python3.9/site-packages/drf_yasg/inspectors/base.py", line 438, in serializer_to_schema
    return self.probe_inspectors(
  File "/Users/mac/.local/share/virtualenvs/storefront3-7A2ZaXMV/lib/python3.9/site-packages/drf_yasg/inspectors/base.py", line 110, in probe_inspectors
    result = method(obj, **kwargs)
  File "/Users/mac/.local/share/virtualenvs/storefront3-7A2ZaXMV/lib/python3.9/site-packages/drf_yasg/inspectors/field.py", line 49, in get_schema
    return self.probe_field_inspectors(serializer, openapi.Schema, self.use_definitions)
  File "/Users/mac/.local/share/virtualenvs/storefront3-7A2ZaXMV/lib/python3.9/site-packages/drf_yasg/inspectors/base.py", line 228, in probe_field_inspectors
    return self.probe_inspectors(
  File "/Users/mac/.local/share/virtualenvs/storefront3-7A2ZaXMV/lib/python3.9/site-packages/drf_yasg/inspectors/base.py", line 110, in probe_inspectors
    result = method(obj, **kwargs)
  File "/Users/mac/.local/share/virtualenvs/storefront3-7A2ZaXMV/lib/python3.9/site-packages/drf_yasg/inspectors/field.py", line 148, in field_to_swagger_object
    raise SwaggerGenerationError(
drf_yasg.errors.SwaggerGenerationError: Schema for <class 'djoser.serializers.UserSerializer'> would override distinct serializer <class 'core.serializers.UserSerializer'> because they implicitly share the same ref_name; explicitly set the ref_name attribute on both serializers' Meta classes
2025-04-12 00:15:06,239 (INFO) - django.utils.autoreload - /Users/mac/Movies/backend/tutorial_3/storefront3/storefront/urls.py changed, reloading.
2025-04-12 00:15:07,008 (INFO) - django.utils.autoreload - Watching for file changes with StatReloader
2025-04-12 00:15:07,083 (WARNING) - silk.profiling.profiler - Cannot execute silk_profile as silk is not installed correctly.
2025-04-12 00:15:17,598 (INFO) - django.utils.autoreload - /Users/mac/Movies/backend/tutorial_3/storefront3/storefront/urls.py changed, reloading.
2025-04-12 00:15:18,008 (INFO) - django.utils.autoreload - Watching for file changes with StatReloader
2025-04-12 00:15:18,075 (WARNING) - silk.profiling.profiler - Cannot execute silk_profile as silk is not installed correctly.
2025-04-12 00:15:24,469 (INFO) - django.utils.autoreload - /Users/mac/Movies/backend/tutorial_3/storefront3/storefront/urls.py changed, reloading.
2025-04-12 00:15:24,880 (INFO) - django.utils.autoreload - Watching for file changes with StatReloader
2025-04-12 00:15:24,950 (WARNING) - silk.profiling.profiler - Cannot execute silk_profile as silk is not installed correctly.
2025-04-12 00:15:30,020 (WARNING) - drf_yasg.inspectors.base - view's OrderViewSet raised exception during schema generation; use `getattr(self, 'swagger_fake_view', False)` to detect and short-circuit this
Traceback (most recent call last):
  File "/Users/mac/.local/share/virtualenvs/storefront3-7A2ZaXMV/lib/python3.9/site-packages/drf_yasg/inspectors/base.py", line 42, in call_view_method
    return view_method()
  File "/Users/mac/Movies/backend/tutorial_3/storefront3/store/views.py", line 322, in get_queryset
    customer_id = Customer.objects.only('id').get(user_id=user.id)
  File "/Users/mac/.local/share/virtualenvs/storefront3-7A2ZaXMV/lib/python3.9/site-packages/django/db/models/query.py", line 637, in get
    raise self.model.DoesNotExist(
store.models.Customer.DoesNotExist: Customer matching query does not exist.
2025-04-12 00:15:30,030 (WARNING) - drf_yasg.inspectors.base - view's ReviewViewSet raised exception during schema generation; use `getattr(self, 'swagger_fake_view', False)` to detect and short-circuit this
Traceback (most recent call last):
  File "/Users/mac/.local/share/virtualenvs/storefront3-7A2ZaXMV/lib/python3.9/site-packages/drf_yasg/inspectors/base.py", line 42, in call_view_method
    return view_method()
  File "/Users/mac/Movies/backend/tutorial_3/storefront3/store/views.py", line 234, in get_queryset
    return Review.objects.filter(product_id=self.kwargs['product_pk'])
KeyError: 'product_pk'
2025-04-12 00:15:30,030 (WARNING) - drf_yasg.inspectors.base - view's ProductImageViewSet raised exception during schema generation; use `getattr(self, 'swagger_fake_view', False)` to detect and short-circuit this
Traceback (most recent call last):
  File "/Users/mac/.local/share/virtualenvs/storefront3-7A2ZaXMV/lib/python3.9/site-packages/drf_yasg/inspectors/base.py", line 42, in call_view_method
    return view_method()
  File "/Users/mac/Movies/backend/tutorial_3/storefront3/store/views.py", line 193, in get_queryset
    return ProductImage.objects.filter(product_id=self.kwargs['product_pk'])
KeyError: 'product_pk'
2025-04-12 00:15:30,030 (WARNING) - drf_yasg.inspectors.base - view's CartItemViewSet raised exception during schema generation; use `getattr(self, 'swagger_fake_view', False)` to detect and short-circuit this
Traceback (most recent call last):
  File "/Users/mac/.local/share/virtualenvs/storefront3-7A2ZaXMV/lib/python3.9/site-packages/drf_yasg/inspectors/base.py", line 42, in call_view_method
    return view_method()
  File "/Users/mac/Movies/backend/tutorial_3/storefront3/store/views.py", line 269, in get_queryset
    .filter(cart_id=self.kwargs['cart_pk'])
KeyError: 'cart_pk'
2025-04-12 00:15:30,030 (WARNING) - drf_yasg.inspectors.base - view's ReviewViewSet raised exception during schema generation; use `getattr(self, 'swagger_fake_view', False)` to detect and short-circuit this
Traceback (most recent call last):
  File "/Users/mac/.local/share/virtualenvs/storefront3-7A2ZaXMV/lib/python3.9/site-packages/drf_yasg/inspectors/base.py", line 42, in call_view_method
    return view_method()
  File "/Users/mac/Movies/backend/tutorial_3/storefront3/store/views.py", line 234, in get_queryset
    return Review.objects.filter(product_id=self.kwargs['product_pk'])
KeyError: 'product_pk'
2025-04-12 00:15:30,031 (WARNING) - drf_yasg.inspectors.base - view's ProductImageViewSet raised exception during schema generation; use `getattr(self, 'swagger_fake_view', False)` to detect and short-circuit this
Traceback (most recent call last):
  File "/Users/mac/.local/share/virtualenvs/storefront3-7A2ZaXMV/lib/python3.9/site-packages/drf_yasg/inspectors/base.py", line 42, in call_view_method
    return view_method()
  File "/Users/mac/Movies/backend/tutorial_3/storefront3/store/views.py", line 193, in get_queryset
    return ProductImage.objects.filter(product_id=self.kwargs['product_pk'])
KeyError: 'product_pk'
2025-04-12 00:15:30,031 (WARNING) - drf_yasg.inspectors.base - view's OrderViewSet raised exception during schema generation; use `getattr(self, 'swagger_fake_view', False)` to detect and short-circuit this
Traceback (most recent call last):
  File "/Users/mac/.local/share/virtualenvs/storefront3-7A2ZaXMV/lib/python3.9/site-packages/drf_yasg/inspectors/base.py", line 42, in call_view_method
    return view_method()
  File "/Users/mac/Movies/backend/tutorial_3/storefront3/store/views.py", line 322, in get_queryset
    customer_id = Customer.objects.only('id').get(user_id=user.id)
  File "/Users/mac/.local/share/virtualenvs/storefront3-7A2ZaXMV/lib/python3.9/site-packages/django/db/models/query.py", line 637, in get
    raise self.model.DoesNotExist(
store.models.Customer.DoesNotExist: Customer matching query does not exist.
2025-04-12 00:15:30,031 (WARNING) - drf_yasg.inspectors.base - view's ReviewViewSet raised exception during schema generation; use `getattr(self, 'swagger_fake_view', False)` to detect and short-circuit this
Traceback (most recent call last):
  File "/Users/mac/.local/share/virtualenvs/storefront3-7A2ZaXMV/lib/python3.9/site-packages/drf_yasg/inspectors/base.py", line 42, in call_view_method
    return view_method()
  File "/Users/mac/Movies/backend/tutorial_3/storefront3/store/views.py", line 234, in get_queryset
    return Review.objects.filter(product_id=self.kwargs['product_pk'])
KeyError: 'product_pk'
2025-04-12 00:15:30,031 (WARNING) - drf_yasg.inspectors.base - view's ProductImageViewSet raised exception during schema generation; use `getattr(self, 'swagger_fake_view', False)` to detect and short-circuit this
Traceback (most recent call last):
  File "/Users/mac/.local/share/virtualenvs/storefront3-7A2ZaXMV/lib/python3.9/site-packages/drf_yasg/inspectors/base.py", line 42, in call_view_method
    return view_method()
  File "/Users/mac/Movies/backend/tutorial_3/storefront3/store/views.py", line 193, in get_queryset
    return ProductImage.objects.filter(product_id=self.kwargs['product_pk'])
KeyError: 'product_pk'
2025-04-12 00:15:30,031 (WARNING) - drf_yasg.inspectors.base - view's CartItemViewSet raised exception during schema generation; use `getattr(self, 'swagger_fake_view', False)` to detect and short-circuit this
Traceback (most recent call last):
  File "/Users/mac/.local/share/virtualenvs/storefront3-7A2ZaXMV/lib/python3.9/site-packages/drf_yasg/inspectors/base.py", line 42, in call_view_method
    return view_method()
  File "/Users/mac/Movies/backend/tutorial_3/storefront3/store/views.py", line 269, in get_queryset
    .filter(cart_id=self.kwargs['cart_pk'])
KeyError: 'cart_pk'
2025-04-12 00:15:30,032 (WARNING) - drf_yasg.inspectors.base - view's OrderViewSet raised exception during schema generation; use `getattr(self, 'swagger_fake_view', False)` to detect and short-circuit this
Traceback (most recent call last):
  File "/Users/mac/.local/share/virtualenvs/storefront3-7A2ZaXMV/lib/python3.9/site-packages/drf_yasg/inspectors/base.py", line 42, in call_view_method
    return view_method()
  File "/Users/mac/Movies/backend/tutorial_3/storefront3/store/views.py", line 322, in get_queryset
    customer_id = Customer.objects.only('id').get(user_id=user.id)
  File "/Users/mac/.local/share/virtualenvs/storefront3-7A2ZaXMV/lib/python3.9/site-packages/django/db/models/query.py", line 637, in get
    raise self.model.DoesNotExist(
store.models.Customer.DoesNotExist: Customer matching query does not exist.
2025-04-12 00:15:30,032 (WARNING) - drf_yasg.inspectors.base - view's ReviewViewSet raised exception during schema generation; use `getattr(self, 'swagger_fake_view', False)` to detect and short-circuit this
Traceback (most recent call last):
  File "/Users/mac/.local/share/virtualenvs/storefront3-7A2ZaXMV/lib/python3.9/site-packages/drf_yasg/inspectors/base.py", line 42, in call_view_method
    return view_method()
  File "/Users/mac/Movies/backend/tutorial_3/storefront3/store/views.py", line 234, in get_queryset
    return Review.objects.filter(product_id=self.kwargs['product_pk'])
KeyError: 'product_pk'
2025-04-12 00:15:30,032 (WARNING) - drf_yasg.inspectors.base - view's ProductImageViewSet raised exception during schema generation; use `getattr(self, 'swagger_fake_view', False)` to detect and short-circuit this
Traceback (most recent call last):
  File "/Users/mac/.local/share/virtualenvs/storefront3-7A2ZaXMV/lib/python3.9/site-packages/drf_yasg/inspectors/base.py", line 42, in call_view_method
    return view_method()
  File "/Users/mac/Movies/backend/tutorial_3/storefront3/store/views.py", line 193, in get_queryset
    return ProductImage.objects.filter(product_id=self.kwargs['product_pk'])
KeyError: 'product_pk'
2025-04-12 00:15:30,032 (WARNING) - drf_yasg.inspectors.base - view's CartItemViewSet raised exception during schema generation; use `getattr(self, 'swagger_fake_view', False)` to detect and short-circuit this
Traceback (most recent call last):
  File "/Users/mac/.local/share/virtualenvs/storefront3-7A2ZaXMV/lib/python3.9/site-packages/drf_yasg/inspectors/base.py", line 42, in call_view_method
    return view_method()
  File "/Users/mac/Movies/backend/tutorial_3/storefront3/store/views.py", line 269, in get_queryset
    .filter(cart_id=self.kwargs['cart_pk'])
KeyError: 'cart_pk'
2025-04-12 00:15:30,086 (ERROR) - django.request - Internal Server Error: /swagger/
Traceback (most recent call last):
  File "/Users/mac/.local/share/virtualenvs/storefront3-7A2ZaXMV/lib/python3.9/site-packages/django/core/handlers/exception.py", line 55, in inner
    response = get_response(request)
  File "/Users/mac/.local/share/virtualenvs/storefront3-7A2ZaXMV/lib/python3.9/site-packages/django/core/handlers/base.py", line 197, in _get_response
    response = wrapped_callback(request, *callback_args, **callback_kwargs)
  File "/Users/mac/.local/share/virtualenvs/storefront3-7A2ZaXMV/lib/python3.9/site-packages/django/views/decorators/csrf.py", line 56, in wrapper_view
    return view_func(*args, **kwargs)
  File "/Users/mac/.local/share/virtualenvs/storefront3-7A2ZaXMV/lib/python3.9/site-packages/django/views/generic/base.py", line 104, in view
    return self.dispatch(request, *args, **kwargs)
  File "/Users/mac/.local/share/virtualenvs/storefront3-7A2ZaXMV/lib/python3.9/site-packages/rest_framework/views.py", line 515, in dispatch
    response = self.handle_exception(exc)
  File "/Users/mac/.local/share/virtualenvs/storefront3-7A2ZaXMV/lib/python3.9/site-packages/rest_framework/views.py", line 475, in handle_exception
    self.raise_uncaught_exception(exc)
  File "/Users/mac/.local/share/virtualenvs/storefront3-7A2ZaXMV/lib/python3.9/site-packages/rest_framework/views.py", line 486, in raise_uncaught_exception
    raise exc
  File "/Users/mac/.local/share/virtualenvs/storefront3-7A2ZaXMV/lib/python3.9/site-packages/rest_framework/views.py", line 512, in dispatch
    response = handler(request, *args, **kwargs)
  File "/Users/mac/.local/share/virtualenvs/storefront3-7A2ZaXMV/lib/python3.9/site-packages/drf_yasg/views.py", line 112, in get
    schema = generator.get_schema(request, self.public)
  File "/Users/mac/.local/share/virtualenvs/storefront3-7A2ZaXMV/lib/python3.9/site-packages/drf_yasg/generators.py", line 276, in get_schema
    paths, prefix = self.get_paths(endpoints, components, request, public)
  File "/Users/mac/.local/share/virtualenvs/storefront3-7A2ZaXMV/lib/python3.9/site-packages/drf_yasg/generators.py", line 482, in get_paths
    operation = self.get_operation(view, path, prefix, method, components, request)
  File "/Users/mac/.local/share/virtualenvs/storefront3-7A2ZaXMV/lib/python3.9/site-packages/drf_yasg/generators.py", line 524, in get_operation
    operation = view_inspector.get_operation(operation_keys)
  File "/Users/mac/.local/share/virtualenvs/storefront3-7A2ZaXMV/lib/python3.9/site-packages/drf_yasg/inspectors/view.py", line 45, in get_operation
    responses = self.get_responses()
  File "/Users/mac/.local/share/virtualenvs/storefront3-7A2ZaXMV/lib/python3.9/site-packages/drf_yasg/inspectors/view.py", line 180, in get_responses
    response_serializers = self.get_response_serializers()
  File "/Users/mac/.local/share/virtualenvs/storefront3-7A2ZaXMV/lib/python3.9/site-packages/drf_yasg/inspectors/view.py", line 235, in get_response_serializers
    responses = self.get_default_responses()
  File "/Users/mac/.local/share/virtualenvs/storefront3-7A2ZaXMV/lib/python3.9/site-packages/drf_yasg/inspectors/view.py", line 211, in get_default_responses
    default_schema = self.serializer_to_schema(default_schema) or ''
  File "/Users/mac/.local/share/virtualenvs/storefront3-7A2ZaXMV/lib/python3.9/site-packages/drf_yasg/inspectors/base.py", line 438, in serializer_to_schema
    return self.probe_inspectors(
  File "/Users/mac/.local/share/virtualenvs/storefront3-7A2ZaXMV/lib/python3.9/site-packages/drf_yasg/inspectors/base.py", line 110, in probe_inspectors
    result = method(obj, **kwargs)
  File "/Users/mac/.local/share/virtualenvs/storefront3-7A2ZaXMV/lib/python3.9/site-packages/drf_yasg/inspectors/field.py", line 49, in get_schema
    return self.probe_field_inspectors(serializer, openapi.Schema, self.use_definitions)
  File "/Users/mac/.local/share/virtualenvs/storefront3-7A2ZaXMV/lib/python3.9/site-packages/drf_yasg/inspectors/base.py", line 228, in probe_field_inspectors
    return self.probe_inspectors(
  File "/Users/mac/.local/share/virtualenvs/storefront3-7A2ZaXMV/lib/python3.9/site-packages/drf_yasg/inspectors/base.py", line 110, in probe_inspectors
    result = method(obj, **kwargs)
  File "/Users/mac/.local/share/virtualenvs/storefront3-7A2ZaXMV/lib/python3.9/site-packages/drf_yasg/inspectors/field.py", line 148, in field_to_swagger_object
    raise SwaggerGenerationError(
drf_yasg.errors.SwaggerGenerationError: Schema for <class 'djoser.serializers.UserSerializer'> would override distinct serializer <class 'core.serializers.UserSerializer'> because they implicitly share the same ref_name; explicitly set the ref_name attribute on both serializers' Meta classes
2025-04-12 00:15:34,387 (INFO) - django.utils.autoreload - Watching for file changes with StatReloader
2025-04-12 00:15:34,448 (WARNING) - silk.profiling.profiler - Cannot execute silk_profile as silk is not installed correctly.
2025-04-12 00:15:37,573 (WARNING) - drf_yasg.inspectors.base - view's OrderViewSet raised exception during schema generation; use `getattr(self, 'swagger_fake_view', False)` to detect and short-circuit this
Traceback (most recent call last):
  File "/Users/mac/.local/share/virtualenvs/storefront3-7A2ZaXMV/lib/python3.9/site-packages/drf_yasg/inspectors/base.py", line 42, in call_view_method
    return view_method()
  File "/Users/mac/Movies/backend/tutorial_3/storefront3/store/views.py", line 322, in get_queryset
    customer_id = Customer.objects.only('id').get(user_id=user.id)
  File "/Users/mac/.local/share/virtualenvs/storefront3-7A2ZaXMV/lib/python3.9/site-packages/django/db/models/query.py", line 637, in get
    raise self.model.DoesNotExist(
store.models.Customer.DoesNotExist: Customer matching query does not exist.
2025-04-12 00:15:37,579 (WARNING) - drf_yasg.inspectors.base - view's ReviewViewSet raised exception during schema generation; use `getattr(self, 'swagger_fake_view', False)` to detect and short-circuit this
Traceback (most recent call last):
  File "/Users/mac/.local/share/virtualenvs/storefront3-7A2ZaXMV/lib/python3.9/site-packages/drf_yasg/inspectors/base.py", line 42, in call_view_method
    return view_method()
  File "/Users/mac/Movies/backend/tutorial_3/storefront3/store/views.py", line 234, in get_queryset
    return Review.objects.filter(product_id=self.kwargs['product_pk'])
KeyError: 'product_pk'
2025-04-12 00:15:37,579 (WARNING) - drf_yasg.inspectors.base - view's ProductImageViewSet raised exception during schema generation; use `getattr(self, 'swagger_fake_view', False)` to detect and short-circuit this
Traceback (most recent call last):
  File "/Users/mac/.local/share/virtualenvs/storefront3-7A2ZaXMV/lib/python3.9/site-packages/drf_yasg/inspectors/base.py", line 42, in call_view_method
    return view_method()
  File "/Users/mac/Movies/backend/tutorial_3/storefront3/store/views.py", line 193, in get_queryset
    return ProductImage.objects.filter(product_id=self.kwargs['product_pk'])
KeyError: 'product_pk'
2025-04-12 00:15:37,579 (WARNING) - drf_yasg.inspectors.base - view's CartItemViewSet raised exception during schema generation; use `getattr(self, 'swagger_fake_view', False)` to detect and short-circuit this
Traceback (most recent call last):
  File "/Users/mac/.local/share/virtualenvs/storefront3-7A2ZaXMV/lib/python3.9/site-packages/drf_yasg/inspectors/base.py", line 42, in call_view_method
    return view_method()
  File "/Users/mac/Movies/backend/tutorial_3/storefront3/store/views.py", line 269, in get_queryset
    .filter(cart_id=self.kwargs['cart_pk'])
KeyError: 'cart_pk'
2025-04-12 00:15:37,579 (WARNING) - drf_yasg.inspectors.base - view's ReviewViewSet raised exception during schema generation; use `getattr(self, 'swagger_fake_view', False)` to detect and short-circuit this
Traceback (most recent call last):
  File "/Users/mac/.local/share/virtualenvs/storefront3-7A2ZaXMV/lib/python3.9/site-packages/drf_yasg/inspectors/base.py", line 42, in call_view_method
    return view_method()
  File "/Users/mac/Movies/backend/tutorial_3/storefront3/store/views.py", line 234, in get_queryset
    return Review.objects.filter(product_id=self.kwargs['product_pk'])
KeyError: 'product_pk'
2025-04-12 00:15:37,580 (WARNING) - drf_yasg.inspectors.base - view's ProductImageViewSet raised exception during schema generation; use `getattr(self, 'swagger_fake_view', False)` to detect and short-circuit this
Traceback (most recent call last):
  File "/Users/mac/.local/share/virtualenvs/storefront3-7A2ZaXMV/lib/python3.9/site-packages/drf_yasg/inspectors/base.py", line 42, in call_view_method
    return view_method()
  File "/Users/mac/Movies/backend/tutorial_3/storefront3/store/views.py", line 193, in get_queryset
    return ProductImage.objects.filter(product_id=self.kwargs['product_pk'])
KeyError: 'product_pk'
2025-04-12 00:15:37,580 (WARNING) - drf_yasg.inspectors.base - view's OrderViewSet raised exception during schema generation; use `getattr(self, 'swagger_fake_view', False)` to detect and short-circuit this
Traceback (most recent call last):
  File "/Users/mac/.local/share/virtualenvs/storefront3-7A2ZaXMV/lib/python3.9/site-packages/drf_yasg/inspectors/base.py", line 42, in call_view_method
    return view_method()
  File "/Users/mac/Movies/backend/tutorial_3/storefront3/store/views.py", line 322, in get_queryset
    customer_id = Customer.objects.only('id').get(user_id=user.id)
  File "/Users/mac/.local/share/virtualenvs/storefront3-7A2ZaXMV/lib/python3.9/site-packages/django/db/models/query.py", line 637, in get
    raise self.model.DoesNotExist(
store.models.Customer.DoesNotExist: Customer matching query does not exist.
2025-04-12 00:15:37,580 (WARNING) - drf_yasg.inspectors.base - view's ReviewViewSet raised exception during schema generation; use `getattr(self, 'swagger_fake_view', False)` to detect and short-circuit this
Traceback (most recent call last):
  File "/Users/mac/.local/share/virtualenvs/storefront3-7A2ZaXMV/lib/python3.9/site-packages/drf_yasg/inspectors/base.py", line 42, in call_view_method
    return view_method()
  File "/Users/mac/Movies/backend/tutorial_3/storefront3/store/views.py", line 234, in get_queryset
    return Review.objects.filter(product_id=self.kwargs['product_pk'])
KeyError: 'product_pk'
2025-04-12 00:15:37,580 (WARNING) - drf_yasg.inspectors.base - view's ProductImageViewSet raised exception during schema generation; use `getattr(self, 'swagger_fake_view', False)` to detect and short-circuit this
Traceback (most recent call last):
  File "/Users/mac/.local/share/virtualenvs/storefront3-7A2ZaXMV/lib/python3.9/site-packages/drf_yasg/inspectors/base.py", line 42, in call_view_method
    return view_method()
  File "/Users/mac/Movies/backend/tutorial_3/storefront3/store/views.py", line 193, in get_queryset
    return ProductImage.objects.filter(product_id=self.kwargs['product_pk'])
KeyError: 'product_pk'
2025-04-12 00:15:37,580 (WARNING) - drf_yasg.inspectors.base - view's CartItemViewSet raised exception during schema generation; use `getattr(self, 'swagger_fake_view', False)` to detect and short-circuit this
Traceback (most recent call last):
  File "/Users/mac/.local/share/virtualenvs/storefront3-7A2ZaXMV/lib/python3.9/site-packages/drf_yasg/inspectors/base.py", line 42, in call_view_method
    return view_method()
  File "/Users/mac/Movies/backend/tutorial_3/storefront3/store/views.py", line 269, in get_queryset
    .filter(cart_id=self.kwargs['cart_pk'])
KeyError: 'cart_pk'
2025-04-12 00:15:37,581 (WARNING) - drf_yasg.inspectors.base - view's OrderViewSet raised exception during schema generation; use `getattr(self, 'swagger_fake_view', False)` to detect and short-circuit this
Traceback (most recent call last):
  File "/Users/mac/.local/share/virtualenvs/storefront3-7A2ZaXMV/lib/python3.9/site-packages/drf_yasg/inspectors/base.py", line 42, in call_view_method
    return view_method()
  File "/Users/mac/Movies/backend/tutorial_3/storefront3/store/views.py", line 322, in get_queryset
    customer_id = Customer.objects.only('id').get(user_id=user.id)
  File "/Users/mac/.local/share/virtualenvs/storefront3-7A2ZaXMV/lib/python3.9/site-packages/django/db/models/query.py", line 637, in get
    raise self.model.DoesNotExist(
store.models.Customer.DoesNotExist: Customer matching query does not exist.
2025-04-12 00:15:37,581 (WARNING) - drf_yasg.inspectors.base - view's ReviewViewSet raised exception during schema generation; use `getattr(self, 'swagger_fake_view', False)` to detect and short-circuit this
Traceback (most recent call last):
  File "/Users/mac/.local/share/virtualenvs/storefront3-7A2ZaXMV/lib/python3.9/site-packages/drf_yasg/inspectors/base.py", line 42, in call_view_method
    return view_method()
  File "/Users/mac/Movies/backend/tutorial_3/storefront3/store/views.py", line 234, in get_queryset
    return Review.objects.filter(product_id=self.kwargs['product_pk'])
KeyError: 'product_pk'
2025-04-12 00:15:37,581 (WARNING) - drf_yasg.inspectors.base - view's ProductImageViewSet raised exception during schema generation; use `getattr(self, 'swagger_fake_view', False)` to detect and short-circuit this
Traceback (most recent call last):
  File "/Users/mac/.local/share/virtualenvs/storefront3-7A2ZaXMV/lib/python3.9/site-packages/drf_yasg/inspectors/base.py", line 42, in call_view_method
    return view_method()
  File "/Users/mac/Movies/backend/tutorial_3/storefront3/store/views.py", line 193, in get_queryset
    return ProductImage.objects.filter(product_id=self.kwargs['product_pk'])
KeyError: 'product_pk'
2025-04-12 00:15:37,581 (WARNING) - drf_yasg.inspectors.base - view's CartItemViewSet raised exception during schema generation; use `getattr(self, 'swagger_fake_view', False)` to detect and short-circuit this
Traceback (most recent call last):
  File "/Users/mac/.local/share/virtualenvs/storefront3-7A2ZaXMV/lib/python3.9/site-packages/drf_yasg/inspectors/base.py", line 42, in call_view_method
    return view_method()
  File "/Users/mac/Movies/backend/tutorial_3/storefront3/store/views.py", line 269, in get_queryset
    .filter(cart_id=self.kwargs['cart_pk'])
KeyError: 'cart_pk'
2025-04-12 00:15:37,654 (ERROR) - django.request - Internal Server Error: /swagger/
Traceback (most recent call last):
  File "/Users/mac/.local/share/virtualenvs/storefront3-7A2ZaXMV/lib/python3.9/site-packages/django/core/handlers/exception.py", line 55, in inner
    response = get_response(request)
  File "/Users/mac/.local/share/virtualenvs/storefront3-7A2ZaXMV/lib/python3.9/site-packages/django/core/handlers/base.py", line 197, in _get_response
    response = wrapped_callback(request, *callback_args, **callback_kwargs)
  File "/Users/mac/.local/share/virtualenvs/storefront3-7A2ZaXMV/lib/python3.9/site-packages/django/views/decorators/csrf.py", line 56, in wrapper_view
    return view_func(*args, **kwargs)
  File "/Users/mac/.local/share/virtualenvs/storefront3-7A2ZaXMV/lib/python3.9/site-packages/django/views/generic/base.py", line 104, in view
    return self.dispatch(request, *args, **kwargs)
  File "/Users/mac/.local/share/virtualenvs/storefront3-7A2ZaXMV/lib/python3.9/site-packages/rest_framework/views.py", line 515, in dispatch
    response = self.handle_exception(exc)
  File "/Users/mac/.local/share/virtualenvs/storefront3-7A2ZaXMV/lib/python3.9/site-packages/rest_framework/views.py", line 475, in handle_exception
    self.raise_uncaught_exception(exc)
  File "/Users/mac/.local/share/virtualenvs/storefront3-7A2ZaXMV/lib/python3.9/site-packages/rest_framework/views.py", line 486, in raise_uncaught_exception
    raise exc
  File "/Users/mac/.local/share/virtualenvs/storefront3-7A2ZaXMV/lib/python3.9/site-packages/rest_framework/views.py", line 512, in dispatch
    response = handler(request, *args, **kwargs)
  File "/Users/mac/.local/share/virtualenvs/storefront3-7A2ZaXMV/lib/python3.9/site-packages/drf_yasg/views.py", line 112, in get
    schema = generator.get_schema(request, self.public)
  File "/Users/mac/.local/share/virtualenvs/storefront3-7A2ZaXMV/lib/python3.9/site-packages/drf_yasg/generators.py", line 276, in get_schema
    paths, prefix = self.get_paths(endpoints, components, request, public)
  File "/Users/mac/.local/share/virtualenvs/storefront3-7A2ZaXMV/lib/python3.9/site-packages/drf_yasg/generators.py", line 482, in get_paths
    operation = self.get_operation(view, path, prefix, method, components, request)
  File "/Users/mac/.local/share/virtualenvs/storefront3-7A2ZaXMV/lib/python3.9/site-packages/drf_yasg/generators.py", line 524, in get_operation
    operation = view_inspector.get_operation(operation_keys)
  File "/Users/mac/.local/share/virtualenvs/storefront3-7A2ZaXMV/lib/python3.9/site-packages/drf_yasg/inspectors/view.py", line 45, in get_operation
    responses = self.get_responses()
  File "/Users/mac/.local/share/virtualenvs/storefront3-7A2ZaXMV/lib/python3.9/site-packages/drf_yasg/inspectors/view.py", line 180, in get_responses
    response_serializers = self.get_response_serializers()
  File "/Users/mac/.local/share/virtualenvs/storefront3-7A2ZaXMV/lib/python3.9/site-packages/drf_yasg/inspectors/view.py", line 235, in get_response_serializers
    responses = self.get_default_responses()
  File "/Users/mac/.local/share/virtualenvs/storefront3-7A2ZaXMV/lib/python3.9/site-packages/drf_yasg/inspectors/view.py", line 211, in get_default_responses
    default_schema = self.serializer_to_schema(default_schema) or ''
  File "/Users/mac/.local/share/virtualenvs/storefront3-7A2ZaXMV/lib/python3.9/site-packages/drf_yasg/inspectors/base.py", line 438, in serializer_to_schema
    return self.probe_inspectors(
  File "/Users/mac/.local/share/virtualenvs/storefront3-7A2ZaXMV/lib/python3.9/site-packages/drf_yasg/inspectors/base.py", line 110, in probe_inspectors
    result = method(obj, **kwargs)
  File "/Users/mac/.local/share/virtualenvs/storefront3-7A2ZaXMV/lib/python3.9/site-packages/drf_yasg/inspectors/field.py", line 49, in get_schema
    return self.probe_field_inspectors(serializer, openapi.Schema, self.use_definitions)
  File "/Users/mac/.local/share/virtualenvs/storefront3-7A2ZaXMV/lib/python3.9/site-packages/drf_yasg/inspectors/base.py", line 228, in probe_field_inspectors
    return self.probe_inspectors(
  File "/Users/mac/.local/share/virtualenvs/storefront3-7A2ZaXMV/lib/python3.9/site-packages/drf_yasg/inspectors/base.py", line 110, in probe_inspectors
    result = method(obj, **kwargs)
  File "/Users/mac/.local/share/virtualenvs/storefront3-7A2ZaXMV/lib/python3.9/site-packages/drf_yasg/inspectors/field.py", line 148, in field_to_swagger_object
    raise SwaggerGenerationError(
drf_yasg.errors.SwaggerGenerationError: Schema for <class 'djoser.serializers.UserSerializer'> would override distinct serializer <class 'core.serializers.UserSerializer'> because they implicitly share the same ref_name; explicitly set the ref_name attribute on both serializers' Meta classes
2025-04-12 00:15:44,561 (WARNING) - drf_yasg.inspectors.base - view's OrderViewSet raised exception during schema generation; use `getattr(self, 'swagger_fake_view', False)` to detect and short-circuit this
Traceback (most recent call last):
  File "/Users/mac/.local/share/virtualenvs/storefront3-7A2ZaXMV/lib/python3.9/site-packages/drf_yasg/inspectors/base.py", line 42, in call_view_method
    return view_method()
  File "/Users/mac/Movies/backend/tutorial_3/storefront3/store/views.py", line 322, in get_queryset
    customer_id = Customer.objects.only('id').get(user_id=user.id)
  File "/Users/mac/.local/share/virtualenvs/storefront3-7A2ZaXMV/lib/python3.9/site-packages/django/db/models/query.py", line 637, in get
    raise self.model.DoesNotExist(
store.models.Customer.DoesNotExist: Customer matching query does not exist.
2025-04-12 00:15:44,562 (WARNING) - drf_yasg.inspectors.base - view's ReviewViewSet raised exception during schema generation; use `getattr(self, 'swagger_fake_view', False)` to detect and short-circuit this
Traceback (most recent call last):
  File "/Users/mac/.local/share/virtualenvs/storefront3-7A2ZaXMV/lib/python3.9/site-packages/drf_yasg/inspectors/base.py", line 42, in call_view_method
    return view_method()
  File "/Users/mac/Movies/backend/tutorial_3/storefront3/store/views.py", line 234, in get_queryset
    return Review.objects.filter(product_id=self.kwargs['product_pk'])
KeyError: 'product_pk'
2025-04-12 00:15:44,563 (WARNING) - drf_yasg.inspectors.base - view's ProductImageViewSet raised exception during schema generation; use `getattr(self, 'swagger_fake_view', False)` to detect and short-circuit this
Traceback (most recent call last):
  File "/Users/mac/.local/share/virtualenvs/storefront3-7A2ZaXMV/lib/python3.9/site-packages/drf_yasg/inspectors/base.py", line 42, in call_view_method
    return view_method()
  File "/Users/mac/Movies/backend/tutorial_3/storefront3/store/views.py", line 193, in get_queryset
    return ProductImage.objects.filter(product_id=self.kwargs['product_pk'])
KeyError: 'product_pk'
2025-04-12 00:15:44,563 (WARNING) - drf_yasg.inspectors.base - view's CartItemViewSet raised exception during schema generation; use `getattr(self, 'swagger_fake_view', False)` to detect and short-circuit this
Traceback (most recent call last):
  File "/Users/mac/.local/share/virtualenvs/storefront3-7A2ZaXMV/lib/python3.9/site-packages/drf_yasg/inspectors/base.py", line 42, in call_view_method
    return view_method()
  File "/Users/mac/Movies/backend/tutorial_3/storefront3/store/views.py", line 269, in get_queryset
    .filter(cart_id=self.kwargs['cart_pk'])
KeyError: 'cart_pk'
2025-04-12 00:15:44,564 (WARNING) - drf_yasg.inspectors.base - view's ReviewViewSet raised exception during schema generation; use `getattr(self, 'swagger_fake_view', False)` to detect and short-circuit this
Traceback (most recent call last):
  File "/Users/mac/.local/share/virtualenvs/storefront3-7A2ZaXMV/lib/python3.9/site-packages/drf_yasg/inspectors/base.py", line 42, in call_view_method
    return view_method()
  File "/Users/mac/Movies/backend/tutorial_3/storefront3/store/views.py", line 234, in get_queryset
    return Review.objects.filter(product_id=self.kwargs['product_pk'])
KeyError: 'product_pk'
2025-04-12 00:15:44,564 (WARNING) - drf_yasg.inspectors.base - view's ProductImageViewSet raised exception during schema generation; use `getattr(self, 'swagger_fake_view', False)` to detect and short-circuit this
Traceback (most recent call last):
  File "/Users/mac/.local/share/virtualenvs/storefront3-7A2ZaXMV/lib/python3.9/site-packages/drf_yasg/inspectors/base.py", line 42, in call_view_method
    return view_method()
  File "/Users/mac/Movies/backend/tutorial_3/storefront3/store/views.py", line 193, in get_queryset
    return ProductImage.objects.filter(product_id=self.kwargs['product_pk'])
KeyError: 'product_pk'
2025-04-12 00:15:44,565 (WARNING) - drf_yasg.inspectors.base - view's OrderViewSet raised exception during schema generation; use `getattr(self, 'swagger_fake_view', False)` to detect and short-circuit this
Traceback (most recent call last):
  File "/Users/mac/.local/share/virtualenvs/storefront3-7A2ZaXMV/lib/python3.9/site-packages/drf_yasg/inspectors/base.py", line 42, in call_view_method
    return view_method()
  File "/Users/mac/Movies/backend/tutorial_3/storefront3/store/views.py", line 322, in get_queryset
    customer_id = Customer.objects.only('id').get(user_id=user.id)
  File "/Users/mac/.local/share/virtualenvs/storefront3-7A2ZaXMV/lib/python3.9/site-packages/django/db/models/query.py", line 637, in get
    raise self.model.DoesNotExist(
store.models.Customer.DoesNotExist: Customer matching query does not exist.
2025-04-12 00:15:44,566 (WARNING) - drf_yasg.inspectors.base - view's ReviewViewSet raised exception during schema generation; use `getattr(self, 'swagger_fake_view', False)` to detect and short-circuit this
Traceback (most recent call last):
  File "/Users/mac/.local/share/virtualenvs/storefront3-7A2ZaXMV/lib/python3.9/site-packages/drf_yasg/inspectors/base.py", line 42, in call_view_method
    return view_method()
  File "/Users/mac/Movies/backend/tutorial_3/storefront3/store/views.py", line 234, in get_queryset
    return Review.objects.filter(product_id=self.kwargs['product_pk'])
KeyError: 'product_pk'
2025-04-12 00:15:44,566 (WARNING) - drf_yasg.inspectors.base - view's ProductImageViewSet raised exception during schema generation; use `getattr(self, 'swagger_fake_view', False)` to detect and short-circuit this
Traceback (most recent call last):
  File "/Users/mac/.local/share/virtualenvs/storefront3-7A2ZaXMV/lib/python3.9/site-packages/drf_yasg/inspectors/base.py", line 42, in call_view_method
    return view_method()
  File "/Users/mac/Movies/backend/tutorial_3/storefront3/store/views.py", line 193, in get_queryset
    return ProductImage.objects.filter(product_id=self.kwargs['product_pk'])
KeyError: 'product_pk'
2025-04-12 00:15:44,566 (WARNING) - drf_yasg.inspectors.base - view's CartItemViewSet raised exception during schema generation; use `getattr(self, 'swagger_fake_view', False)` to detect and short-circuit this
Traceback (most recent call last):
  File "/Users/mac/.local/share/virtualenvs/storefront3-7A2ZaXMV/lib/python3.9/site-packages/drf_yasg/inspectors/base.py", line 42, in call_view_method
    return view_method()
  File "/Users/mac/Movies/backend/tutorial_3/storefront3/store/views.py", line 269, in get_queryset
    .filter(cart_id=self.kwargs['cart_pk'])
KeyError: 'cart_pk'
2025-04-12 00:15:44,567 (WARNING) - drf_yasg.inspectors.base - view's OrderViewSet raised exception during schema generation; use `getattr(self, 'swagger_fake_view', False)` to detect and short-circuit this
Traceback (most recent call last):
  File "/Users/mac/.local/share/virtualenvs/storefront3-7A2ZaXMV/lib/python3.9/site-packages/drf_yasg/inspectors/base.py", line 42, in call_view_method
    return view_method()
  File "/Users/mac/Movies/backend/tutorial_3/storefront3/store/views.py", line 322, in get_queryset
    customer_id = Customer.objects.only('id').get(user_id=user.id)
  File "/Users/mac/.local/share/virtualenvs/storefront3-7A2ZaXMV/lib/python3.9/site-packages/django/db/models/query.py", line 637, in get
    raise self.model.DoesNotExist(
store.models.Customer.DoesNotExist: Customer matching query does not exist.
2025-04-12 00:15:44,567 (WARNING) - drf_yasg.inspectors.base - view's ReviewViewSet raised exception during schema generation; use `getattr(self, 'swagger_fake_view', False)` to detect and short-circuit this
Traceback (most recent call last):
  File "/Users/mac/.local/share/virtualenvs/storefront3-7A2ZaXMV/lib/python3.9/site-packages/drf_yasg/inspectors/base.py", line 42, in call_view_method
    return view_method()
  File "/Users/mac/Movies/backend/tutorial_3/storefront3/store/views.py", line 234, in get_queryset
    return Review.objects.filter(product_id=self.kwargs['product_pk'])
KeyError: 'product_pk'
2025-04-12 00:15:44,568 (WARNING) - drf_yasg.inspectors.base - view's ProductImageViewSet raised exception during schema generation; use `getattr(self, 'swagger_fake_view', False)` to detect and short-circuit this
Traceback (most recent call last):
  File "/Users/mac/.local/share/virtualenvs/storefront3-7A2ZaXMV/lib/python3.9/site-packages/drf_yasg/inspectors/base.py", line 42, in call_view_method
    return view_method()
  File "/Users/mac/Movies/backend/tutorial_3/storefront3/store/views.py", line 193, in get_queryset
    return ProductImage.objects.filter(product_id=self.kwargs['product_pk'])
KeyError: 'product_pk'
2025-04-12 00:15:44,569 (WARNING) - drf_yasg.inspectors.base - view's CartItemViewSet raised exception during schema generation; use `getattr(self, 'swagger_fake_view', False)` to detect and short-circuit this
Traceback (most recent call last):
  File "/Users/mac/.local/share/virtualenvs/storefront3-7A2ZaXMV/lib/python3.9/site-packages/drf_yasg/inspectors/base.py", line 42, in call_view_method
    return view_method()
  File "/Users/mac/Movies/backend/tutorial_3/storefront3/store/views.py", line 269, in get_queryset
    .filter(cart_id=self.kwargs['cart_pk'])
KeyError: 'cart_pk'
2025-04-12 00:15:44,606 (ERROR) - django.request - Internal Server Error: /swagger/
Traceback (most recent call last):
  File "/Users/mac/.local/share/virtualenvs/storefront3-7A2ZaXMV/lib/python3.9/site-packages/django/core/handlers/exception.py", line 55, in inner
    response = get_response(request)
  File "/Users/mac/.local/share/virtualenvs/storefront3-7A2ZaXMV/lib/python3.9/site-packages/django/core/handlers/base.py", line 197, in _get_response
    response = wrapped_callback(request, *callback_args, **callback_kwargs)
  File "/Users/mac/.local/share/virtualenvs/storefront3-7A2ZaXMV/lib/python3.9/site-packages/django/views/decorators/csrf.py", line 56, in wrapper_view
    return view_func(*args, **kwargs)
  File "/Users/mac/.local/share/virtualenvs/storefront3-7A2ZaXMV/lib/python3.9/site-packages/django/views/generic/base.py", line 104, in view
    return self.dispatch(request, *args, **kwargs)
  File "/Users/mac/.local/share/virtualenvs/storefront3-7A2ZaXMV/lib/python3.9/site-packages/rest_framework/views.py", line 515, in dispatch
    response = self.handle_exception(exc)
  File "/Users/mac/.local/share/virtualenvs/storefront3-7A2ZaXMV/lib/python3.9/site-packages/rest_framework/views.py", line 475, in handle_exception
    self.raise_uncaught_exception(exc)
  File "/Users/mac/.local/share/virtualenvs/storefront3-7A2ZaXMV/lib/python3.9/site-packages/rest_framework/views.py", line 486, in raise_uncaught_exception
    raise exc
  File "/Users/mac/.local/share/virtualenvs/storefront3-7A2ZaXMV/lib/python3.9/site-packages/rest_framework/views.py", line 512, in dispatch
    response = handler(request, *args, **kwargs)
  File "/Users/mac/.local/share/virtualenvs/storefront3-7A2ZaXMV/lib/python3.9/site-packages/drf_yasg/views.py", line 112, in get
    schema = generator.get_schema(request, self.public)
  File "/Users/mac/.local/share/virtualenvs/storefront3-7A2ZaXMV/lib/python3.9/site-packages/drf_yasg/generators.py", line 276, in get_schema
    paths, prefix = self.get_paths(endpoints, components, request, public)
  File "/Users/mac/.local/share/virtualenvs/storefront3-7A2ZaXMV/lib/python3.9/site-packages/drf_yasg/generators.py", line 482, in get_paths
    operation = self.get_operation(view, path, prefix, method, components, request)
  File "/Users/mac/.local/share/virtualenvs/storefront3-7A2ZaXMV/lib/python3.9/site-packages/drf_yasg/generators.py", line 524, in get_operation
    operation = view_inspector.get_operation(operation_keys)
  File "/Users/mac/.local/share/virtualenvs/storefront3-7A2ZaXMV/lib/python3.9/site-packages/drf_yasg/inspectors/view.py", line 45, in get_operation
    responses = self.get_responses()
  File "/Users/mac/.local/share/virtualenvs/storefront3-7A2ZaXMV/lib/python3.9/site-packages/drf_yasg/inspectors/view.py", line 180, in get_responses
    response_serializers = self.get_response_serializers()
  File "/Users/mac/.local/share/virtualenvs/storefront3-7A2ZaXMV/lib/python3.9/site-packages/drf_yasg/inspectors/view.py", line 235, in get_response_serializers
    responses = self.get_default_responses()
  File "/Users/mac/.local/share/virtualenvs/storefront3-7A2ZaXMV/lib/python3.9/site-packages/drf_yasg/inspectors/view.py", line 211, in get_default_responses
    default_schema = self.serializer_to_schema(default_schema) or ''
  File "/Users/mac/.local/share/virtualenvs/storefront3-7A2ZaXMV/lib/python3.9/site-packages/drf_yasg/inspectors/base.py", line 438, in serializer_to_schema
    return self.probe_inspectors(
  File "/Users/mac/.local/share/virtualenvs/storefront3-7A2ZaXMV/lib/python3.9/site-packages/drf_yasg/inspectors/base.py", line 110, in probe_inspectors
    result = method(obj, **kwargs)
  File "/Users/mac/.local/share/virtualenvs/storefront3-7A2ZaXMV/lib/python3.9/site-packages/drf_yasg/inspectors/field.py", line 49, in get_schema
    return self.probe_field_inspectors(serializer, openapi.Schema, self.use_definitions)
  File "/Users/mac/.local/share/virtualenvs/storefront3-7A2ZaXMV/lib/python3.9/site-packages/drf_yasg/inspectors/base.py", line 228, in probe_field_inspectors
    return self.probe_inspectors(
  File "/Users/mac/.local/share/virtualenvs/storefront3-7A2ZaXMV/lib/python3.9/site-packages/drf_yasg/inspectors/base.py", line 110, in probe_inspectors
    result = method(obj, **kwargs)
  File "/Users/mac/.local/share/virtualenvs/storefront3-7A2ZaXMV/lib/python3.9/site-packages/drf_yasg/inspectors/field.py", line 148, in field_to_swagger_object
    raise SwaggerGenerationError(
drf_yasg.errors.SwaggerGenerationError: Schema for <class 'djoser.serializers.UserSerializer'> would override distinct serializer <class 'core.serializers.UserSerializer'> because they implicitly share the same ref_name; explicitly set the ref_name attribute on both serializers' Meta classes
2025-04-12 00:15:49,127 (WARNING) - django.request - Not Found: /swagger/collection
2025-04-12 00:16:08,310 (WARNING) - drf_yasg.inspectors.base - view's OrderViewSet raised exception during schema generation; use `getattr(self, 'swagger_fake_view', False)` to detect and short-circuit this
Traceback (most recent call last):
  File "/Users/mac/.local/share/virtualenvs/storefront3-7A2ZaXMV/lib/python3.9/site-packages/drf_yasg/inspectors/base.py", line 42, in call_view_method
    return view_method()
  File "/Users/mac/Movies/backend/tutorial_3/storefront3/store/views.py", line 322, in get_queryset
    customer_id = Customer.objects.only('id').get(user_id=user.id)
  File "/Users/mac/.local/share/virtualenvs/storefront3-7A2ZaXMV/lib/python3.9/site-packages/django/db/models/query.py", line 637, in get
    raise self.model.DoesNotExist(
store.models.Customer.DoesNotExist: Customer matching query does not exist.
2025-04-12 00:16:08,311 (WARNING) - drf_yasg.inspectors.base - view's ReviewViewSet raised exception during schema generation; use `getattr(self, 'swagger_fake_view', False)` to detect and short-circuit this
Traceback (most recent call last):
  File "/Users/mac/.local/share/virtualenvs/storefront3-7A2ZaXMV/lib/python3.9/site-packages/drf_yasg/inspectors/base.py", line 42, in call_view_method
    return view_method()
  File "/Users/mac/Movies/backend/tutorial_3/storefront3/store/views.py", line 234, in get_queryset
    return Review.objects.filter(product_id=self.kwargs['product_pk'])
KeyError: 'product_pk'
2025-04-12 00:16:08,311 (WARNING) - drf_yasg.inspectors.base - view's ProductImageViewSet raised exception during schema generation; use `getattr(self, 'swagger_fake_view', False)` to detect and short-circuit this
Traceback (most recent call last):
  File "/Users/mac/.local/share/virtualenvs/storefront3-7A2ZaXMV/lib/python3.9/site-packages/drf_yasg/inspectors/base.py", line 42, in call_view_method
    return view_method()
  File "/Users/mac/Movies/backend/tutorial_3/storefront3/store/views.py", line 193, in get_queryset
    return ProductImage.objects.filter(product_id=self.kwargs['product_pk'])
KeyError: 'product_pk'
2025-04-12 00:16:08,311 (WARNING) - drf_yasg.inspectors.base - view's CartItemViewSet raised exception during schema generation; use `getattr(self, 'swagger_fake_view', False)` to detect and short-circuit this
Traceback (most recent call last):
  File "/Users/mac/.local/share/virtualenvs/storefront3-7A2ZaXMV/lib/python3.9/site-packages/drf_yasg/inspectors/base.py", line 42, in call_view_method
    return view_method()
  File "/Users/mac/Movies/backend/tutorial_3/storefront3/store/views.py", line 269, in get_queryset
    .filter(cart_id=self.kwargs['cart_pk'])
KeyError: 'cart_pk'
2025-04-12 00:16:08,311 (WARNING) - drf_yasg.inspectors.base - view's ReviewViewSet raised exception during schema generation; use `getattr(self, 'swagger_fake_view', False)` to detect and short-circuit this
Traceback (most recent call last):
  File "/Users/mac/.local/share/virtualenvs/storefront3-7A2ZaXMV/lib/python3.9/site-packages/drf_yasg/inspectors/base.py", line 42, in call_view_method
    return view_method()
  File "/Users/mac/Movies/backend/tutorial_3/storefront3/store/views.py", line 234, in get_queryset
    return Review.objects.filter(product_id=self.kwargs['product_pk'])
KeyError: 'product_pk'
2025-04-12 00:16:08,312 (WARNING) - drf_yasg.inspectors.base - view's ProductImageViewSet raised exception during schema generation; use `getattr(self, 'swagger_fake_view', False)` to detect and short-circuit this
Traceback (most recent call last):
  File "/Users/mac/.local/share/virtualenvs/storefront3-7A2ZaXMV/lib/python3.9/site-packages/drf_yasg/inspectors/base.py", line 42, in call_view_method
    return view_method()
  File "/Users/mac/Movies/backend/tutorial_3/storefront3/store/views.py", line 193, in get_queryset
    return ProductImage.objects.filter(product_id=self.kwargs['product_pk'])
KeyError: 'product_pk'
2025-04-12 00:16:08,313 (WARNING) - drf_yasg.inspectors.base - view's OrderViewSet raised exception during schema generation; use `getattr(self, 'swagger_fake_view', False)` to detect and short-circuit this
Traceback (most recent call last):
  File "/Users/mac/.local/share/virtualenvs/storefront3-7A2ZaXMV/lib/python3.9/site-packages/drf_yasg/inspectors/base.py", line 42, in call_view_method
    return view_method()
  File "/Users/mac/Movies/backend/tutorial_3/storefront3/store/views.py", line 322, in get_queryset
    customer_id = Customer.objects.only('id').get(user_id=user.id)
  File "/Users/mac/.local/share/virtualenvs/storefront3-7A2ZaXMV/lib/python3.9/site-packages/django/db/models/query.py", line 637, in get
    raise self.model.DoesNotExist(
store.models.Customer.DoesNotExist: Customer matching query does not exist.
2025-04-12 00:16:08,313 (WARNING) - drf_yasg.inspectors.base - view's ReviewViewSet raised exception during schema generation; use `getattr(self, 'swagger_fake_view', False)` to detect and short-circuit this
Traceback (most recent call last):
  File "/Users/mac/.local/share/virtualenvs/storefront3-7A2ZaXMV/lib/python3.9/site-packages/drf_yasg/inspectors/base.py", line 42, in call_view_method
    return view_method()
  File "/Users/mac/Movies/backend/tutorial_3/storefront3/store/views.py", line 234, in get_queryset
    return Review.objects.filter(product_id=self.kwargs['product_pk'])
KeyError: 'product_pk'
2025-04-12 00:16:08,313 (WARNING) - drf_yasg.inspectors.base - view's ProductImageViewSet raised exception during schema generation; use `getattr(self, 'swagger_fake_view', False)` to detect and short-circuit this
Traceback (most recent call last):
  File "/Users/mac/.local/share/virtualenvs/storefront3-7A2ZaXMV/lib/python3.9/site-packages/drf_yasg/inspectors/base.py", line 42, in call_view_method
    return view_method()
  File "/Users/mac/Movies/backend/tutorial_3/storefront3/store/views.py", line 193, in get_queryset
    return ProductImage.objects.filter(product_id=self.kwargs['product_pk'])
KeyError: 'product_pk'
2025-04-12 00:16:08,313 (WARNING) - drf_yasg.inspectors.base - view's CartItemViewSet raised exception during schema generation; use `getattr(self, 'swagger_fake_view', False)` to detect and short-circuit this
Traceback (most recent call last):
  File "/Users/mac/.local/share/virtualenvs/storefront3-7A2ZaXMV/lib/python3.9/site-packages/drf_yasg/inspectors/base.py", line 42, in call_view_method
    return view_method()
  File "/Users/mac/Movies/backend/tutorial_3/storefront3/store/views.py", line 269, in get_queryset
    .filter(cart_id=self.kwargs['cart_pk'])
KeyError: 'cart_pk'
2025-04-12 00:16:08,314 (WARNING) - drf_yasg.inspectors.base - view's OrderViewSet raised exception during schema generation; use `getattr(self, 'swagger_fake_view', False)` to detect and short-circuit this
Traceback (most recent call last):
  File "/Users/mac/.local/share/virtualenvs/storefront3-7A2ZaXMV/lib/python3.9/site-packages/drf_yasg/inspectors/base.py", line 42, in call_view_method
    return view_method()
  File "/Users/mac/Movies/backend/tutorial_3/storefront3/store/views.py", line 322, in get_queryset
    customer_id = Customer.objects.only('id').get(user_id=user.id)
  File "/Users/mac/.local/share/virtualenvs/storefront3-7A2ZaXMV/lib/python3.9/site-packages/django/db/models/query.py", line 637, in get
    raise self.model.DoesNotExist(
store.models.Customer.DoesNotExist: Customer matching query does not exist.
2025-04-12 00:16:08,314 (WARNING) - drf_yasg.inspectors.base - view's ReviewViewSet raised exception during schema generation; use `getattr(self, 'swagger_fake_view', False)` to detect and short-circuit this
Traceback (most recent call last):
  File "/Users/mac/.local/share/virtualenvs/storefront3-7A2ZaXMV/lib/python3.9/site-packages/drf_yasg/inspectors/base.py", line 42, in call_view_method
    return view_method()
  File "/Users/mac/Movies/backend/tutorial_3/storefront3/store/views.py", line 234, in get_queryset
    return Review.objects.filter(product_id=self.kwargs['product_pk'])
KeyError: 'product_pk'
2025-04-12 00:16:08,314 (WARNING) - drf_yasg.inspectors.base - view's ProductImageViewSet raised exception during schema generation; use `getattr(self, 'swagger_fake_view', False)` to detect and short-circuit this
Traceback (most recent call last):
  File "/Users/mac/.local/share/virtualenvs/storefront3-7A2ZaXMV/lib/python3.9/site-packages/drf_yasg/inspectors/base.py", line 42, in call_view_method
    return view_method()
  File "/Users/mac/Movies/backend/tutorial_3/storefront3/store/views.py", line 193, in get_queryset
    return ProductImage.objects.filter(product_id=self.kwargs['product_pk'])
KeyError: 'product_pk'
2025-04-12 00:16:08,314 (WARNING) - drf_yasg.inspectors.base - view's CartItemViewSet raised exception during schema generation; use `getattr(self, 'swagger_fake_view', False)` to detect and short-circuit this
Traceback (most recent call last):
  File "/Users/mac/.local/share/virtualenvs/storefront3-7A2ZaXMV/lib/python3.9/site-packages/drf_yasg/inspectors/base.py", line 42, in call_view_method
    return view_method()
  File "/Users/mac/Movies/backend/tutorial_3/storefront3/store/views.py", line 269, in get_queryset
    .filter(cart_id=self.kwargs['cart_pk'])
KeyError: 'cart_pk'
2025-04-12 00:16:08,352 (ERROR) - django.request - Internal Server Error: /swagger/
Traceback (most recent call last):
  File "/Users/mac/.local/share/virtualenvs/storefront3-7A2ZaXMV/lib/python3.9/site-packages/django/core/handlers/exception.py", line 55, in inner
    response = get_response(request)
  File "/Users/mac/.local/share/virtualenvs/storefront3-7A2ZaXMV/lib/python3.9/site-packages/django/core/handlers/base.py", line 197, in _get_response
    response = wrapped_callback(request, *callback_args, **callback_kwargs)
  File "/Users/mac/.local/share/virtualenvs/storefront3-7A2ZaXMV/lib/python3.9/site-packages/django/views/decorators/csrf.py", line 56, in wrapper_view
    return view_func(*args, **kwargs)
  File "/Users/mac/.local/share/virtualenvs/storefront3-7A2ZaXMV/lib/python3.9/site-packages/django/views/generic/base.py", line 104, in view
    return self.dispatch(request, *args, **kwargs)
  File "/Users/mac/.local/share/virtualenvs/storefront3-7A2ZaXMV/lib/python3.9/site-packages/rest_framework/views.py", line 515, in dispatch
    response = self.handle_exception(exc)
  File "/Users/mac/.local/share/virtualenvs/storefront3-7A2ZaXMV/lib/python3.9/site-packages/rest_framework/views.py", line 475, in handle_exception
    self.raise_uncaught_exception(exc)
  File "/Users/mac/.local/share/virtualenvs/storefront3-7A2ZaXMV/lib/python3.9/site-packages/rest_framework/views.py", line 486, in raise_uncaught_exception
    raise exc
  File "/Users/mac/.local/share/virtualenvs/storefront3-7A2ZaXMV/lib/python3.9/site-packages/rest_framework/views.py", line 512, in dispatch
    response = handler(request, *args, **kwargs)
  File "/Users/mac/.local/share/virtualenvs/storefront3-7A2ZaXMV/lib/python3.9/site-packages/drf_yasg/views.py", line 112, in get
    schema = generator.get_schema(request, self.public)
  File "/Users/mac/.local/share/virtualenvs/storefront3-7A2ZaXMV/lib/python3.9/site-packages/drf_yasg/generators.py", line 276, in get_schema
    paths, prefix = self.get_paths(endpoints, components, request, public)
  File "/Users/mac/.local/share/virtualenvs/storefront3-7A2ZaXMV/lib/python3.9/site-packages/drf_yasg/generators.py", line 482, in get_paths
    operation = self.get_operation(view, path, prefix, method, components, request)
  File "/Users/mac/.local/share/virtualenvs/storefront3-7A2ZaXMV/lib/python3.9/site-packages/drf_yasg/generators.py", line 524, in get_operation
    operation = view_inspector.get_operation(operation_keys)
  File "/Users/mac/.local/share/virtualenvs/storefront3-7A2ZaXMV/lib/python3.9/site-packages/drf_yasg/inspectors/view.py", line 45, in get_operation
    responses = self.get_responses()
  File "/Users/mac/.local/share/virtualenvs/storefront3-7A2ZaXMV/lib/python3.9/site-packages/drf_yasg/inspectors/view.py", line 180, in get_responses
    response_serializers = self.get_response_serializers()
  File "/Users/mac/.local/share/virtualenvs/storefront3-7A2ZaXMV/lib/python3.9/site-packages/drf_yasg/inspectors/view.py", line 235, in get_response_serializers
    responses = self.get_default_responses()
  File "/Users/mac/.local/share/virtualenvs/storefront3-7A2ZaXMV/lib/python3.9/site-packages/drf_yasg/inspectors/view.py", line 211, in get_default_responses
    default_schema = self.serializer_to_schema(default_schema) or ''
  File "/Users/mac/.local/share/virtualenvs/storefront3-7A2ZaXMV/lib/python3.9/site-packages/drf_yasg/inspectors/base.py", line 438, in serializer_to_schema
    return self.probe_inspectors(
  File "/Users/mac/.local/share/virtualenvs/storefront3-7A2ZaXMV/lib/python3.9/site-packages/drf_yasg/inspectors/base.py", line 110, in probe_inspectors
    result = method(obj, **kwargs)
  File "/Users/mac/.local/share/virtualenvs/storefront3-7A2ZaXMV/lib/python3.9/site-packages/drf_yasg/inspectors/field.py", line 49, in get_schema
    return self.probe_field_inspectors(serializer, openapi.Schema, self.use_definitions)
  File "/Users/mac/.local/share/virtualenvs/storefront3-7A2ZaXMV/lib/python3.9/site-packages/drf_yasg/inspectors/base.py", line 228, in probe_field_inspectors
    return self.probe_inspectors(
  File "/Users/mac/.local/share/virtualenvs/storefront3-7A2ZaXMV/lib/python3.9/site-packages/drf_yasg/inspectors/base.py", line 110, in probe_inspectors
    result = method(obj, **kwargs)
  File "/Users/mac/.local/share/virtualenvs/storefront3-7A2ZaXMV/lib/python3.9/site-packages/drf_yasg/inspectors/field.py", line 148, in field_to_swagger_object
    raise SwaggerGenerationError(
drf_yasg.errors.SwaggerGenerationError: Schema for <class 'djoser.serializers.UserSerializer'> would override distinct serializer <class 'core.serializers.UserSerializer'> because they implicitly share the same ref_name; explicitly set the ref_name attribute on both serializers' Meta classes
2025-04-12 00:16:54,510 (WARNING) - drf_yasg.inspectors.base - view's OrderViewSet raised exception during schema generation; use `getattr(self, 'swagger_fake_view', False)` to detect and short-circuit this
Traceback (most recent call last):
  File "/Users/mac/.local/share/virtualenvs/storefront3-7A2ZaXMV/lib/python3.9/site-packages/drf_yasg/inspectors/base.py", line 42, in call_view_method
    return view_method()
  File "/Users/mac/Movies/backend/tutorial_3/storefront3/store/views.py", line 322, in get_queryset
    customer_id = Customer.objects.only('id').get(user_id=user.id)
  File "/Users/mac/.local/share/virtualenvs/storefront3-7A2ZaXMV/lib/python3.9/site-packages/django/db/models/query.py", line 637, in get
    raise self.model.DoesNotExist(
store.models.Customer.DoesNotExist: Customer matching query does not exist.
2025-04-12 00:16:54,513 (WARNING) - drf_yasg.inspectors.base - view's ReviewViewSet raised exception during schema generation; use `getattr(self, 'swagger_fake_view', False)` to detect and short-circuit this
Traceback (most recent call last):
  File "/Users/mac/.local/share/virtualenvs/storefront3-7A2ZaXMV/lib/python3.9/site-packages/drf_yasg/inspectors/base.py", line 42, in call_view_method
    return view_method()
  File "/Users/mac/Movies/backend/tutorial_3/storefront3/store/views.py", line 234, in get_queryset
    return Review.objects.filter(product_id=self.kwargs['product_pk'])
KeyError: 'product_pk'
2025-04-12 00:16:54,514 (WARNING) - drf_yasg.inspectors.base - view's ProductImageViewSet raised exception during schema generation; use `getattr(self, 'swagger_fake_view', False)` to detect and short-circuit this
Traceback (most recent call last):
  File "/Users/mac/.local/share/virtualenvs/storefront3-7A2ZaXMV/lib/python3.9/site-packages/drf_yasg/inspectors/base.py", line 42, in call_view_method
    return view_method()
  File "/Users/mac/Movies/backend/tutorial_3/storefront3/store/views.py", line 193, in get_queryset
    return ProductImage.objects.filter(product_id=self.kwargs['product_pk'])
KeyError: 'product_pk'
2025-04-12 00:16:54,515 (WARNING) - drf_yasg.inspectors.base - view's CartItemViewSet raised exception during schema generation; use `getattr(self, 'swagger_fake_view', False)` to detect and short-circuit this
Traceback (most recent call last):
  File "/Users/mac/.local/share/virtualenvs/storefront3-7A2ZaXMV/lib/python3.9/site-packages/drf_yasg/inspectors/base.py", line 42, in call_view_method
    return view_method()
  File "/Users/mac/Movies/backend/tutorial_3/storefront3/store/views.py", line 269, in get_queryset
    .filter(cart_id=self.kwargs['cart_pk'])
KeyError: 'cart_pk'
2025-04-12 00:16:54,516 (WARNING) - drf_yasg.inspectors.base - view's ReviewViewSet raised exception during schema generation; use `getattr(self, 'swagger_fake_view', False)` to detect and short-circuit this
Traceback (most recent call last):
  File "/Users/mac/.local/share/virtualenvs/storefront3-7A2ZaXMV/lib/python3.9/site-packages/drf_yasg/inspectors/base.py", line 42, in call_view_method
    return view_method()
  File "/Users/mac/Movies/backend/tutorial_3/storefront3/store/views.py", line 234, in get_queryset
    return Review.objects.filter(product_id=self.kwargs['product_pk'])
KeyError: 'product_pk'
2025-04-12 00:16:54,524 (WARNING) - drf_yasg.inspectors.base - view's ProductImageViewSet raised exception during schema generation; use `getattr(self, 'swagger_fake_view', False)` to detect and short-circuit this
Traceback (most recent call last):
  File "/Users/mac/.local/share/virtualenvs/storefront3-7A2ZaXMV/lib/python3.9/site-packages/drf_yasg/inspectors/base.py", line 42, in call_view_method
    return view_method()
  File "/Users/mac/Movies/backend/tutorial_3/storefront3/store/views.py", line 193, in get_queryset
    return ProductImage.objects.filter(product_id=self.kwargs['product_pk'])
KeyError: 'product_pk'
2025-04-12 00:16:54,531 (WARNING) - drf_yasg.inspectors.base - view's OrderViewSet raised exception during schema generation; use `getattr(self, 'swagger_fake_view', False)` to detect and short-circuit this
Traceback (most recent call last):
  File "/Users/mac/.local/share/virtualenvs/storefront3-7A2ZaXMV/lib/python3.9/site-packages/drf_yasg/inspectors/base.py", line 42, in call_view_method
    return view_method()
  File "/Users/mac/Movies/backend/tutorial_3/storefront3/store/views.py", line 322, in get_queryset
    customer_id = Customer.objects.only('id').get(user_id=user.id)
  File "/Users/mac/.local/share/virtualenvs/storefront3-7A2ZaXMV/lib/python3.9/site-packages/django/db/models/query.py", line 637, in get
    raise self.model.DoesNotExist(
store.models.Customer.DoesNotExist: Customer matching query does not exist.
2025-04-12 00:16:54,531 (WARNING) - drf_yasg.inspectors.base - view's ReviewViewSet raised exception during schema generation; use `getattr(self, 'swagger_fake_view', False)` to detect and short-circuit this
Traceback (most recent call last):
  File "/Users/mac/.local/share/virtualenvs/storefront3-7A2ZaXMV/lib/python3.9/site-packages/drf_yasg/inspectors/base.py", line 42, in call_view_method
    return view_method()
  File "/Users/mac/Movies/backend/tutorial_3/storefront3/store/views.py", line 234, in get_queryset
    return Review.objects.filter(product_id=self.kwargs['product_pk'])
KeyError: 'product_pk'
2025-04-12 00:16:54,534 (WARNING) - drf_yasg.inspectors.base - view's ProductImageViewSet raised exception during schema generation; use `getattr(self, 'swagger_fake_view', False)` to detect and short-circuit this
Traceback (most recent call last):
  File "/Users/mac/.local/share/virtualenvs/storefront3-7A2ZaXMV/lib/python3.9/site-packages/drf_yasg/inspectors/base.py", line 42, in call_view_method
    return view_method()
  File "/Users/mac/Movies/backend/tutorial_3/storefront3/store/views.py", line 193, in get_queryset
    return ProductImage.objects.filter(product_id=self.kwargs['product_pk'])
KeyError: 'product_pk'
2025-04-12 00:16:54,534 (WARNING) - drf_yasg.inspectors.base - view's CartItemViewSet raised exception during schema generation; use `getattr(self, 'swagger_fake_view', False)` to detect and short-circuit this
Traceback (most recent call last):
  File "/Users/mac/.local/share/virtualenvs/storefront3-7A2ZaXMV/lib/python3.9/site-packages/drf_yasg/inspectors/base.py", line 42, in call_view_method
    return view_method()
  File "/Users/mac/Movies/backend/tutorial_3/storefront3/store/views.py", line 269, in get_queryset
    .filter(cart_id=self.kwargs['cart_pk'])
KeyError: 'cart_pk'
2025-04-12 00:16:54,541 (WARNING) - drf_yasg.inspectors.base - view's OrderViewSet raised exception during schema generation; use `getattr(self, 'swagger_fake_view', False)` to detect and short-circuit this
Traceback (most recent call last):
  File "/Users/mac/.local/share/virtualenvs/storefront3-7A2ZaXMV/lib/python3.9/site-packages/drf_yasg/inspectors/base.py", line 42, in call_view_method
    return view_method()
  File "/Users/mac/Movies/backend/tutorial_3/storefront3/store/views.py", line 322, in get_queryset
    customer_id = Customer.objects.only('id').get(user_id=user.id)
  File "/Users/mac/.local/share/virtualenvs/storefront3-7A2ZaXMV/lib/python3.9/site-packages/django/db/models/query.py", line 637, in get
    raise self.model.DoesNotExist(
store.models.Customer.DoesNotExist: Customer matching query does not exist.
2025-04-12 00:16:54,542 (WARNING) - drf_yasg.inspectors.base - view's ReviewViewSet raised exception during schema generation; use `getattr(self, 'swagger_fake_view', False)` to detect and short-circuit this
Traceback (most recent call last):
  File "/Users/mac/.local/share/virtualenvs/storefront3-7A2ZaXMV/lib/python3.9/site-packages/drf_yasg/inspectors/base.py", line 42, in call_view_method
    return view_method()
  File "/Users/mac/Movies/backend/tutorial_3/storefront3/store/views.py", line 234, in get_queryset
    return Review.objects.filter(product_id=self.kwargs['product_pk'])
KeyError: 'product_pk'
2025-04-12 00:16:54,543 (WARNING) - drf_yasg.inspectors.base - view's ProductImageViewSet raised exception during schema generation; use `getattr(self, 'swagger_fake_view', False)` to detect and short-circuit this
Traceback (most recent call last):
  File "/Users/mac/.local/share/virtualenvs/storefront3-7A2ZaXMV/lib/python3.9/site-packages/drf_yasg/inspectors/base.py", line 42, in call_view_method
    return view_method()
  File "/Users/mac/Movies/backend/tutorial_3/storefront3/store/views.py", line 193, in get_queryset
    return ProductImage.objects.filter(product_id=self.kwargs['product_pk'])
KeyError: 'product_pk'
2025-04-12 00:16:54,545 (WARNING) - drf_yasg.inspectors.base - view's CartItemViewSet raised exception during schema generation; use `getattr(self, 'swagger_fake_view', False)` to detect and short-circuit this
Traceback (most recent call last):
  File "/Users/mac/.local/share/virtualenvs/storefront3-7A2ZaXMV/lib/python3.9/site-packages/drf_yasg/inspectors/base.py", line 42, in call_view_method
    return view_method()
  File "/Users/mac/Movies/backend/tutorial_3/storefront3/store/views.py", line 269, in get_queryset
    .filter(cart_id=self.kwargs['cart_pk'])
KeyError: 'cart_pk'
2025-04-12 00:16:54,606 (ERROR) - django.request - Internal Server Error: /swagger/
Traceback (most recent call last):
  File "/Users/mac/.local/share/virtualenvs/storefront3-7A2ZaXMV/lib/python3.9/site-packages/django/core/handlers/exception.py", line 55, in inner
    response = get_response(request)
  File "/Users/mac/.local/share/virtualenvs/storefront3-7A2ZaXMV/lib/python3.9/site-packages/django/core/handlers/base.py", line 197, in _get_response
    response = wrapped_callback(request, *callback_args, **callback_kwargs)
  File "/Users/mac/.local/share/virtualenvs/storefront3-7A2ZaXMV/lib/python3.9/site-packages/django/views/decorators/csrf.py", line 56, in wrapper_view
    return view_func(*args, **kwargs)
  File "/Users/mac/.local/share/virtualenvs/storefront3-7A2ZaXMV/lib/python3.9/site-packages/django/views/generic/base.py", line 104, in view
    return self.dispatch(request, *args, **kwargs)
  File "/Users/mac/.local/share/virtualenvs/storefront3-7A2ZaXMV/lib/python3.9/site-packages/rest_framework/views.py", line 515, in dispatch
    response = self.handle_exception(exc)
  File "/Users/mac/.local/share/virtualenvs/storefront3-7A2ZaXMV/lib/python3.9/site-packages/rest_framework/views.py", line 475, in handle_exception
    self.raise_uncaught_exception(exc)
  File "/Users/mac/.local/share/virtualenvs/storefront3-7A2ZaXMV/lib/python3.9/site-packages/rest_framework/views.py", line 486, in raise_uncaught_exception
    raise exc
  File "/Users/mac/.local/share/virtualenvs/storefront3-7A2ZaXMV/lib/python3.9/site-packages/rest_framework/views.py", line 512, in dispatch
    response = handler(request, *args, **kwargs)
  File "/Users/mac/.local/share/virtualenvs/storefront3-7A2ZaXMV/lib/python3.9/site-packages/drf_yasg/views.py", line 112, in get
    schema = generator.get_schema(request, self.public)
  File "/Users/mac/.local/share/virtualenvs/storefront3-7A2ZaXMV/lib/python3.9/site-packages/drf_yasg/generators.py", line 276, in get_schema
    paths, prefix = self.get_paths(endpoints, components, request, public)
  File "/Users/mac/.local/share/virtualenvs/storefront3-7A2ZaXMV/lib/python3.9/site-packages/drf_yasg/generators.py", line 482, in get_paths
    operation = self.get_operation(view, path, prefix, method, components, request)
  File "/Users/mac/.local/share/virtualenvs/storefront3-7A2ZaXMV/lib/python3.9/site-packages/drf_yasg/generators.py", line 524, in get_operation
    operation = view_inspector.get_operation(operation_keys)
  File "/Users/mac/.local/share/virtualenvs/storefront3-7A2ZaXMV/lib/python3.9/site-packages/drf_yasg/inspectors/view.py", line 45, in get_operation
    responses = self.get_responses()
  File "/Users/mac/.local/share/virtualenvs/storefront3-7A2ZaXMV/lib/python3.9/site-packages/drf_yasg/inspectors/view.py", line 180, in get_responses
    response_serializers = self.get_response_serializers()
  File "/Users/mac/.local/share/virtualenvs/storefront3-7A2ZaXMV/lib/python3.9/site-packages/drf_yasg/inspectors/view.py", line 235, in get_response_serializers
    responses = self.get_default_responses()
  File "/Users/mac/.local/share/virtualenvs/storefront3-7A2ZaXMV/lib/python3.9/site-packages/drf_yasg/inspectors/view.py", line 211, in get_default_responses
    default_schema = self.serializer_to_schema(default_schema) or ''
  File "/Users/mac/.local/share/virtualenvs/storefront3-7A2ZaXMV/lib/python3.9/site-packages/drf_yasg/inspectors/base.py", line 438, in serializer_to_schema
    return self.probe_inspectors(
  File "/Users/mac/.local/share/virtualenvs/storefront3-7A2ZaXMV/lib/python3.9/site-packages/drf_yasg/inspectors/base.py", line 110, in probe_inspectors
    result = method(obj, **kwargs)
  File "/Users/mac/.local/share/virtualenvs/storefront3-7A2ZaXMV/lib/python3.9/site-packages/drf_yasg/inspectors/field.py", line 49, in get_schema
    return self.probe_field_inspectors(serializer, openapi.Schema, self.use_definitions)
  File "/Users/mac/.local/share/virtualenvs/storefront3-7A2ZaXMV/lib/python3.9/site-packages/drf_yasg/inspectors/base.py", line 228, in probe_field_inspectors
    return self.probe_inspectors(
  File "/Users/mac/.local/share/virtualenvs/storefront3-7A2ZaXMV/lib/python3.9/site-packages/drf_yasg/inspectors/base.py", line 110, in probe_inspectors
    result = method(obj, **kwargs)
  File "/Users/mac/.local/share/virtualenvs/storefront3-7A2ZaXMV/lib/python3.9/site-packages/drf_yasg/inspectors/field.py", line 148, in field_to_swagger_object
    raise SwaggerGenerationError(
drf_yasg.errors.SwaggerGenerationError: Schema for <class 'djoser.serializers.UserSerializer'> would override distinct serializer <class 'core.serializers.UserSerializer'> because they implicitly share the same ref_name; explicitly set the ref_name attribute on both serializers' Meta classes
2025-04-12 00:21:53,337 (INFO) - django.utils.autoreload - Watching for file changes with StatReloader
2025-04-12 00:21:53,428 (WARNING) - silk.profiling.profiler - Cannot execute silk_profile as silk is not installed correctly.
2025-04-12 00:21:55,840 (WARNING) - django.request - Not Found: /swagger/
2025-04-12 00:22:07,917 (ERROR) - django.request - Internal Server Error: /api/schema/
Traceback (most recent call last):
  File "/Users/mac/.local/share/virtualenvs/storefront3-7A2ZaXMV/lib/python3.9/site-packages/django/core/handlers/exception.py", line 55, in inner
    response = get_response(request)
  File "/Users/mac/.local/share/virtualenvs/storefront3-7A2ZaXMV/lib/python3.9/site-packages/django/core/handlers/base.py", line 197, in _get_response
    response = wrapped_callback(request, *callback_args, **callback_kwargs)
  File "/Users/mac/.local/share/virtualenvs/storefront3-7A2ZaXMV/lib/python3.9/site-packages/django/views/decorators/csrf.py", line 56, in wrapper_view
    return view_func(*args, **kwargs)
  File "/Users/mac/.local/share/virtualenvs/storefront3-7A2ZaXMV/lib/python3.9/site-packages/django/views/generic/base.py", line 104, in view
    return self.dispatch(request, *args, **kwargs)
  File "/Users/mac/.local/share/virtualenvs/storefront3-7A2ZaXMV/lib/python3.9/site-packages/rest_framework/views.py", line 515, in dispatch
    response = self.handle_exception(exc)
  File "/Users/mac/.local/share/virtualenvs/storefront3-7A2ZaXMV/lib/python3.9/site-packages/rest_framework/views.py", line 475, in handle_exception
    self.raise_uncaught_exception(exc)
  File "/Users/mac/.local/share/virtualenvs/storefront3-7A2ZaXMV/lib/python3.9/site-packages/rest_framework/views.py", line 486, in raise_uncaught_exception
    raise exc
  File "/Users/mac/.local/share/virtualenvs/storefront3-7A2ZaXMV/lib/python3.9/site-packages/rest_framework/views.py", line 512, in dispatch
    response = handler(request, *args, **kwargs)
  File "/Users/mac/.local/share/virtualenvs/storefront3-7A2ZaXMV/lib/python3.9/site-packages/drf_spectacular/views.py", line 84, in get
    return self._get_schema_response(request)
  File "/Users/mac/.local/share/virtualenvs/storefront3-7A2ZaXMV/lib/python3.9/site-packages/drf_spectacular/views.py", line 92, in _get_schema_response
    data=generator.get_schema(request=request, public=self.serve_public),
  File "/Users/mac/.local/share/virtualenvs/storefront3-7A2ZaXMV/lib/python3.9/site-packages/drf_spectacular/generators.py", line 285, in get_schema
    paths=self.parse(request, public),
  File "/Users/mac/.local/share/virtualenvs/storefront3-7A2ZaXMV/lib/python3.9/site-packages/drf_spectacular/generators.py", line 250, in parse
    assert isinstance(view.schema, AutoSchema), (
AssertionError: Incompatible AutoSchema used on View <class 'drf_spectacular.views.SpectacularSwaggerView'>. Is DRF's DEFAULT_SCHEMA_CLASS pointing to "drf_spectacular.openapi.AutoSchema" or any other drf-spectacular compatible AutoSchema?
2025-04-12 00:22:07,972 (ERROR) - django.request - Internal Server Error: /api/schema/
Traceback (most recent call last):
  File "/Users/mac/.local/share/virtualenvs/storefront3-7A2ZaXMV/lib/python3.9/site-packages/django/core/handlers/exception.py", line 55, in inner
    response = get_response(request)
  File "/Users/mac/.local/share/virtualenvs/storefront3-7A2ZaXMV/lib/python3.9/site-packages/django/core/handlers/base.py", line 197, in _get_response
    response = wrapped_callback(request, *callback_args, **callback_kwargs)
  File "/Users/mac/.local/share/virtualenvs/storefront3-7A2ZaXMV/lib/python3.9/site-packages/django/views/decorators/csrf.py", line 56, in wrapper_view
    return view_func(*args, **kwargs)
  File "/Users/mac/.local/share/virtualenvs/storefront3-7A2ZaXMV/lib/python3.9/site-packages/django/views/generic/base.py", line 104, in view
    return self.dispatch(request, *args, **kwargs)
  File "/Users/mac/.local/share/virtualenvs/storefront3-7A2ZaXMV/lib/python3.9/site-packages/rest_framework/views.py", line 515, in dispatch
    response = self.handle_exception(exc)
  File "/Users/mac/.local/share/virtualenvs/storefront3-7A2ZaXMV/lib/python3.9/site-packages/rest_framework/views.py", line 475, in handle_exception
    self.raise_uncaught_exception(exc)
  File "/Users/mac/.local/share/virtualenvs/storefront3-7A2ZaXMV/lib/python3.9/site-packages/rest_framework/views.py", line 486, in raise_uncaught_exception
    raise exc
  File "/Users/mac/.local/share/virtualenvs/storefront3-7A2ZaXMV/lib/python3.9/site-packages/rest_framework/views.py", line 512, in dispatch
    response = handler(request, *args, **kwargs)
  File "/Users/mac/.local/share/virtualenvs/storefront3-7A2ZaXMV/lib/python3.9/site-packages/drf_spectacular/views.py", line 84, in get
    return self._get_schema_response(request)
  File "/Users/mac/.local/share/virtualenvs/storefront3-7A2ZaXMV/lib/python3.9/site-packages/drf_spectacular/views.py", line 92, in _get_schema_response
    data=generator.get_schema(request=request, public=self.serve_public),
  File "/Users/mac/.local/share/virtualenvs/storefront3-7A2ZaXMV/lib/python3.9/site-packages/drf_spectacular/generators.py", line 285, in get_schema
    paths=self.parse(request, public),
  File "/Users/mac/.local/share/virtualenvs/storefront3-7A2ZaXMV/lib/python3.9/site-packages/drf_spectacular/generators.py", line 250, in parse
    assert isinstance(view.schema, AutoSchema), (
AssertionError: Incompatible AutoSchema used on View <class 'drf_spectacular.views.SpectacularSwaggerView'>. Is DRF's DEFAULT_SCHEMA_CLASS pointing to "drf_spectacular.openapi.AutoSchema" or any other drf-spectacular compatible AutoSchema?
2025-04-12 00:22:18,596 (ERROR) - django.request - Internal Server Error: /api/schema/
Traceback (most recent call last):
  File "/Users/mac/.local/share/virtualenvs/storefront3-7A2ZaXMV/lib/python3.9/site-packages/django/core/handlers/exception.py", line 55, in inner
    response = get_response(request)
  File "/Users/mac/.local/share/virtualenvs/storefront3-7A2ZaXMV/lib/python3.9/site-packages/django/core/handlers/base.py", line 197, in _get_response
    response = wrapped_callback(request, *callback_args, **callback_kwargs)
  File "/Users/mac/.local/share/virtualenvs/storefront3-7A2ZaXMV/lib/python3.9/site-packages/django/views/decorators/csrf.py", line 56, in wrapper_view
    return view_func(*args, **kwargs)
  File "/Users/mac/.local/share/virtualenvs/storefront3-7A2ZaXMV/lib/python3.9/site-packages/django/views/generic/base.py", line 104, in view
    return self.dispatch(request, *args, **kwargs)
  File "/Users/mac/.local/share/virtualenvs/storefront3-7A2ZaXMV/lib/python3.9/site-packages/rest_framework/views.py", line 515, in dispatch
    response = self.handle_exception(exc)
  File "/Users/mac/.local/share/virtualenvs/storefront3-7A2ZaXMV/lib/python3.9/site-packages/rest_framework/views.py", line 475, in handle_exception
    self.raise_uncaught_exception(exc)
  File "/Users/mac/.local/share/virtualenvs/storefront3-7A2ZaXMV/lib/python3.9/site-packages/rest_framework/views.py", line 486, in raise_uncaught_exception
    raise exc
  File "/Users/mac/.local/share/virtualenvs/storefront3-7A2ZaXMV/lib/python3.9/site-packages/rest_framework/views.py", line 512, in dispatch
    response = handler(request, *args, **kwargs)
  File "/Users/mac/.local/share/virtualenvs/storefront3-7A2ZaXMV/lib/python3.9/site-packages/drf_spectacular/views.py", line 84, in get
    return self._get_schema_response(request)
  File "/Users/mac/.local/share/virtualenvs/storefront3-7A2ZaXMV/lib/python3.9/site-packages/drf_spectacular/views.py", line 92, in _get_schema_response
    data=generator.get_schema(request=request, public=self.serve_public),
  File "/Users/mac/.local/share/virtualenvs/storefront3-7A2ZaXMV/lib/python3.9/site-packages/drf_spectacular/generators.py", line 285, in get_schema
    paths=self.parse(request, public),
  File "/Users/mac/.local/share/virtualenvs/storefront3-7A2ZaXMV/lib/python3.9/site-packages/drf_spectacular/generators.py", line 250, in parse
    assert isinstance(view.schema, AutoSchema), (
AssertionError: Incompatible AutoSchema used on View <class 'drf_spectacular.views.SpectacularSwaggerView'>. Is DRF's DEFAULT_SCHEMA_CLASS pointing to "drf_spectacular.openapi.AutoSchema" or any other drf-spectacular compatible AutoSchema?
2025-04-12 00:22:53,100 (ERROR) - django.request - Internal Server Error: /api/schema/
Traceback (most recent call last):
  File "/Users/mac/.local/share/virtualenvs/storefront3-7A2ZaXMV/lib/python3.9/site-packages/django/core/handlers/exception.py", line 55, in inner
    response = get_response(request)
  File "/Users/mac/.local/share/virtualenvs/storefront3-7A2ZaXMV/lib/python3.9/site-packages/django/core/handlers/base.py", line 197, in _get_response
    response = wrapped_callback(request, *callback_args, **callback_kwargs)
  File "/Users/mac/.local/share/virtualenvs/storefront3-7A2ZaXMV/lib/python3.9/site-packages/django/views/decorators/csrf.py", line 56, in wrapper_view
    return view_func(*args, **kwargs)
  File "/Users/mac/.local/share/virtualenvs/storefront3-7A2ZaXMV/lib/python3.9/site-packages/django/views/generic/base.py", line 104, in view
    return self.dispatch(request, *args, **kwargs)
  File "/Users/mac/.local/share/virtualenvs/storefront3-7A2ZaXMV/lib/python3.9/site-packages/rest_framework/views.py", line 515, in dispatch
    response = self.handle_exception(exc)
  File "/Users/mac/.local/share/virtualenvs/storefront3-7A2ZaXMV/lib/python3.9/site-packages/rest_framework/views.py", line 475, in handle_exception
    self.raise_uncaught_exception(exc)
  File "/Users/mac/.local/share/virtualenvs/storefront3-7A2ZaXMV/lib/python3.9/site-packages/rest_framework/views.py", line 486, in raise_uncaught_exception
    raise exc
  File "/Users/mac/.local/share/virtualenvs/storefront3-7A2ZaXMV/lib/python3.9/site-packages/rest_framework/views.py", line 512, in dispatch
    response = handler(request, *args, **kwargs)
  File "/Users/mac/.local/share/virtualenvs/storefront3-7A2ZaXMV/lib/python3.9/site-packages/drf_spectacular/views.py", line 84, in get
    return self._get_schema_response(request)
  File "/Users/mac/.local/share/virtualenvs/storefront3-7A2ZaXMV/lib/python3.9/site-packages/drf_spectacular/views.py", line 92, in _get_schema_response
    data=generator.get_schema(request=request, public=self.serve_public),
  File "/Users/mac/.local/share/virtualenvs/storefront3-7A2ZaXMV/lib/python3.9/site-packages/drf_spectacular/generators.py", line 285, in get_schema
    paths=self.parse(request, public),
  File "/Users/mac/.local/share/virtualenvs/storefront3-7A2ZaXMV/lib/python3.9/site-packages/drf_spectacular/generators.py", line 250, in parse
    assert isinstance(view.schema, AutoSchema), (
AssertionError: Incompatible AutoSchema used on View <class 'drf_spectacular.views.SpectacularSwaggerView'>. Is DRF's DEFAULT_SCHEMA_CLASS pointing to "drf_spectacular.openapi.AutoSchema" or any other drf-spectacular compatible AutoSchema?
2025-04-12 00:22:53,174 (ERROR) - django.request - Internal Server Error: /api/schema/
Traceback (most recent call last):
  File "/Users/mac/.local/share/virtualenvs/storefront3-7A2ZaXMV/lib/python3.9/site-packages/django/core/handlers/exception.py", line 55, in inner
    response = get_response(request)
  File "/Users/mac/.local/share/virtualenvs/storefront3-7A2ZaXMV/lib/python3.9/site-packages/django/core/handlers/base.py", line 197, in _get_response
    response = wrapped_callback(request, *callback_args, **callback_kwargs)
  File "/Users/mac/.local/share/virtualenvs/storefront3-7A2ZaXMV/lib/python3.9/site-packages/django/views/decorators/csrf.py", line 56, in wrapper_view
    return view_func(*args, **kwargs)
  File "/Users/mac/.local/share/virtualenvs/storefront3-7A2ZaXMV/lib/python3.9/site-packages/django/views/generic/base.py", line 104, in view
    return self.dispatch(request, *args, **kwargs)
  File "/Users/mac/.local/share/virtualenvs/storefront3-7A2ZaXMV/lib/python3.9/site-packages/rest_framework/views.py", line 515, in dispatch
    response = self.handle_exception(exc)
  File "/Users/mac/.local/share/virtualenvs/storefront3-7A2ZaXMV/lib/python3.9/site-packages/rest_framework/views.py", line 475, in handle_exception
    self.raise_uncaught_exception(exc)
  File "/Users/mac/.local/share/virtualenvs/storefront3-7A2ZaXMV/lib/python3.9/site-packages/rest_framework/views.py", line 486, in raise_uncaught_exception
    raise exc
  File "/Users/mac/.local/share/virtualenvs/storefront3-7A2ZaXMV/lib/python3.9/site-packages/rest_framework/views.py", line 512, in dispatch
    response = handler(request, *args, **kwargs)
  File "/Users/mac/.local/share/virtualenvs/storefront3-7A2ZaXMV/lib/python3.9/site-packages/drf_spectacular/views.py", line 84, in get
    return self._get_schema_response(request)
  File "/Users/mac/.local/share/virtualenvs/storefront3-7A2ZaXMV/lib/python3.9/site-packages/drf_spectacular/views.py", line 92, in _get_schema_response
    data=generator.get_schema(request=request, public=self.serve_public),
  File "/Users/mac/.local/share/virtualenvs/storefront3-7A2ZaXMV/lib/python3.9/site-packages/drf_spectacular/generators.py", line 285, in get_schema
    paths=self.parse(request, public),
  File "/Users/mac/.local/share/virtualenvs/storefront3-7A2ZaXMV/lib/python3.9/site-packages/drf_spectacular/generators.py", line 250, in parse
    assert isinstance(view.schema, AutoSchema), (
AssertionError: Incompatible AutoSchema used on View <class 'drf_spectacular.views.SpectacularSwaggerView'>. Is DRF's DEFAULT_SCHEMA_CLASS pointing to "drf_spectacular.openapi.AutoSchema" or any other drf-spectacular compatible AutoSchema?
2025-04-12 00:24:46,798 (INFO) - django.utils.autoreload - /Users/mac/Movies/backend/tutorial_3/storefront3/storefront/settings/common.py changed, reloading.
2025-04-12 00:24:47,235 (INFO) - django.utils.autoreload - Watching for file changes with StatReloader
2025-04-12 00:24:47,321 (WARNING) - silk.profiling.profiler - Cannot execute silk_profile as silk is not installed correctly.
2025-04-12 00:24:51,688 (INFO) - django.utils.autoreload - /Users/mac/Movies/backend/tutorial_3/storefront3/storefront/settings/common.py changed, reloading.
2025-04-12 00:24:52,099 (INFO) - django.utils.autoreload - Watching for file changes with StatReloader
2025-04-12 00:24:52,159 (WARNING) - silk.profiling.profiler - Cannot execute silk_profile as silk is not installed correctly.
2025-04-12 00:25:00,611 (INFO) - django.utils.autoreload - /Users/mac/Movies/backend/tutorial_3/storefront3/storefront/settings/common.py changed, reloading.
2025-04-12 00:25:00,973 (INFO) - django.utils.autoreload - Watching for file changes with StatReloader
2025-04-12 00:25:01,037 (WARNING) - silk.profiling.profiler - Cannot execute silk_profile as silk is not installed correctly.
2025-04-12 00:25:04,318 (INFO) - django.utils.autoreload - /Users/mac/Movies/backend/tutorial_3/storefront3/storefront/settings/common.py changed, reloading.
2025-04-12 00:25:04,671 (INFO) - django.utils.autoreload - Watching for file changes with StatReloader
2025-04-12 00:25:04,720 (WARNING) - silk.profiling.profiler - Cannot execute silk_profile as silk is not installed correctly.
2025-04-12 00:25:08,406 (INFO) - django.utils.autoreload - Watching for file changes with StatReloader
2025-04-12 00:25:08,464 (WARNING) - silk.profiling.profiler - Cannot execute silk_profile as silk is not installed correctly.
2025-04-12 00:25:55,003 (WARNING) - django.request - Not Found: /api/
2025-04-12 00:30:45,043 (INFO) - django.utils.autoreload - /Users/mac/Movies/backend/tutorial_3/storefront3/storefront/urls.py changed, reloading.
2025-04-12 00:30:45,628 (INFO) - django.utils.autoreload - Watching for file changes with StatReloader
2025-04-12 00:30:45,711 (WARNING) - silk.profiling.profiler - Cannot execute silk_profile as silk is not installed correctly.
2025-04-12 00:30:59,390 (INFO) - django.utils.autoreload - /Users/mac/Movies/backend/tutorial_3/storefront3/store/urls.py changed, reloading.
2025-04-12 00:30:59,925 (INFO) - django.utils.autoreload - Watching for file changes with StatReloader
2025-04-12 00:31:05,208 (INFO) - django.utils.autoreload - /Users/mac/Movies/backend/tutorial_3/storefront3/store/urls.py changed, reloading.
2025-04-12 00:31:05,633 (INFO) - django.utils.autoreload - Watching for file changes with StatReloader
2025-04-12 00:31:08,798 (INFO) - django.utils.autoreload - /Users/mac/Movies/backend/tutorial_3/storefront3/store/urls.py changed, reloading.
2025-04-12 00:31:09,174 (INFO) - django.utils.autoreload - Watching for file changes with StatReloader
2025-04-12 00:31:19,568 (INFO) - django.utils.autoreload - /Users/mac/Movies/backend/tutorial_3/storefront3/store/urls.py changed, reloading.
2025-04-12 00:31:19,915 (INFO) - django.utils.autoreload - Watching for file changes with StatReloader
2025-04-12 00:31:19,986 (WARNING) - silk.profiling.profiler - Cannot execute silk_profile as silk is not installed correctly.
2025-04-12 00:31:23,393 (INFO) - django.utils.autoreload - Watching for file changes with StatReloader
2025-04-12 00:31:23,440 (WARNING) - silk.profiling.profiler - Cannot execute silk_profile as silk is not installed correctly.
2025-04-12 00:31:55,960 (INFO) - django.utils.autoreload - /Users/mac/Movies/backend/tutorial_3/storefront3/store/urls.py changed, reloading.
2025-04-12 00:31:56,556 (INFO) - django.utils.autoreload - Watching for file changes with StatReloader
2025-04-12 00:31:56,637 (WARNING) - silk.profiling.profiler - Cannot execute silk_profile as silk is not installed correctly.
2025-04-12 00:31:57,864 (INFO) - django.utils.autoreload - /Users/mac/Movies/backend/tutorial_3/storefront3/store/urls.py changed, reloading.
2025-04-12 00:31:58,222 (INFO) - django.utils.autoreload - Watching for file changes with StatReloader
2025-04-12 00:31:58,267 (WARNING) - silk.profiling.profiler - Cannot execute silk_profile as silk is not installed correctly.
2025-04-12 00:32:07,778 (INFO) - django.utils.autoreload - /Users/mac/Movies/backend/tutorial_3/storefront3/store/urls.py changed, reloading.
2025-04-12 00:32:08,185 (INFO) - django.utils.autoreload - Watching for file changes with StatReloader
2025-04-12 00:32:08,247 (WARNING) - silk.profiling.profiler - Cannot execute silk_profile as silk is not installed correctly.
2025-04-12 00:32:13,596 (INFO) - django.utils.autoreload - /Users/mac/Movies/backend/tutorial_3/storefront3/storefront/urls.py changed, reloading.
2025-04-12 00:32:13,975 (INFO) - django.utils.autoreload - Watching for file changes with StatReloader
2025-04-12 00:32:14,039 (WARNING) - silk.profiling.profiler - Cannot execute silk_profile as silk is not installed correctly.
2025-04-12 00:32:32,082 (INFO) - django.utils.autoreload - Watching for file changes with StatReloader
2025-04-12 00:32:32,160 (WARNING) - silk.profiling.profiler - Cannot execute silk_profile as silk is not installed correctly.
2025-04-12 00:32:53,803 (WARNING) - django.request - Not Found: /store/api/
2025-04-12 05:52:01,994 (INFO) - django.utils.autoreload - Watching for file changes with StatReloader
2025-04-12 06:01:28,490 (INFO) - django.utils.autoreload - Watching for file changes with StatReloader
2025-04-12 11:15:47,240 (INFO) - django.utils.autoreload - Watching for file changes with StatReloader
2025-04-12 12:02:12,088 (WARNING) - silk.profiling.profiler - Cannot execute silk_profile as silk is not installed correctly.
2025-04-12 12:03:16,954 (WARNING) - silk.profiling.profiler - Cannot execute silk_profile as silk is not installed correctly.
2025-04-12 12:09:35,429 (WARNING) - silk.profiling.profiler - Cannot execute silk_profile as silk is not installed correctly.
2025-04-12 12:16:04,685 (WARNING) - silk.profiling.profiler - Cannot execute silk_profile as silk is not installed correctly.
2025-04-12 12:18:18,244 (WARNING) - silk.profiling.profiler - Cannot execute silk_profile as silk is not installed correctly.
2025-04-12 12:18:53,218 (WARNING) - silk.profiling.profiler - Cannot execute silk_profile as silk is not installed correctly.
2025-04-12 12:19:09,458 (WARNING) - silk.profiling.profiler - Cannot execute silk_profile as silk is not installed correctly.
2025-04-12 12:19:37,055 (WARNING) - silk.profiling.profiler - Cannot execute silk_profile as silk is not installed correctly.
2025-04-12 12:19:51,898 (INFO) - django.utils.autoreload - Watching for file changes with StatReloader
2025-04-12 12:19:51,991 (WARNING) - silk.profiling.profiler - Cannot execute silk_profile as silk is not installed correctly.
2025-04-12 18:53:40,367 (WARNING) - silk.profiling.profiler - Cannot execute silk_profile as silk is not installed correctly.
2025-04-12 18:54:44,373 (INFO) - django.utils.autoreload - Watching for file changes with StatReloader
2025-04-12 18:54:44,459 (WARNING) - silk.profiling.profiler - Cannot execute silk_profile as silk is not installed correctly.
2025-04-12 18:55:42,839 (WARNING) - django.request - Not Found: /favicon.ico
2025-04-12 18:56:35,859 (WARNING) - django.request - Not Found: /store/swagger/
2025-04-12 19:04:21,273 (WARNING) - silk.profiling.profiler - Cannot execute silk_profile as silk is not installed correctly.
2025-04-12 19:04:37,540 (WARNING) - silk.profiling.profiler - Cannot execute silk_profile as silk is not installed correctly.
2025-04-12 19:05:20,555 (WARNING) - silk.profiling.profiler - Cannot execute silk_profile as silk is not installed correctly.
2025-04-12 19:14:47,143 (WARNING) - silk.profiling.profiler - Cannot execute silk_profile as silk is not installed correctly.
2025-04-12 19:16:10,672 (WARNING) - silk.profiling.profiler - Cannot execute silk_profile as silk is not installed correctly.
2025-04-12 19:17:35,659 (INFO) - django.utils.autoreload - /Users/mac/Movies/backend/t_3/storefront3/store/models.py changed, reloading.
2025-04-12 19:17:36,486 (INFO) - django.utils.autoreload - Watching for file changes with StatReloader
2025-04-12 19:17:38,671 (INFO) - django.utils.autoreload - /Users/mac/Movies/backend/t_3/storefront3/store/models.py changed, reloading.
2025-04-12 19:17:39,113 (INFO) - django.utils.autoreload - Watching for file changes with StatReloader
2025-04-12 19:19:20,240 (INFO) - django.utils.autoreload - /Users/mac/Movies/backend/t_3/storefront3/store/models.py changed, reloading.
2025-04-12 19:19:20,810 (INFO) - django.utils.autoreload - Watching for file changes with StatReloader
2025-04-12 19:19:20,907 (WARNING) - silk.profiling.profiler - Cannot execute silk_profile as silk is not installed correctly.
2025-04-12 19:19:29,315 (WARNING) - silk.profiling.profiler - Cannot execute silk_profile as silk is not installed correctly.
2025-04-12 19:20:03,924 (WARNING) - silk.profiling.profiler - Cannot execute silk_profile as silk is not installed correctly.
2025-04-12 19:20:18,007 (WARNING) - silk.profiling.profiler - Cannot execute silk_profile as silk is not installed correctly.
2025-04-12 19:20:30,716 (INFO) - django.utils.autoreload - Watching for file changes with StatReloader
2025-04-12 19:20:30,831 (WARNING) - silk.profiling.profiler - Cannot execute silk_profile as silk is not installed correctly.
2025-04-12 19:22:10,740 (WARNING) - silk.profiling.profiler - Cannot execute silk_profile as silk is not installed correctly.
2025-04-12 19:22:35,132 (WARNING) - silk.profiling.profiler - Cannot execute silk_profile as silk is not installed correctly.
2025-04-12 19:44:40,506 (WARNING) - django.request - Not Found: /favicon.ico
2025-04-12 19:44:43,532 (WARNING) - django.request - Not Found: /favicon.ico
2025-04-12 19:52:10,136 (WARNING) - silk.profiling.profiler - Cannot execute silk_profile as silk is not installed correctly.
2025-04-12 19:53:29,474 (WARNING) - silk.profiling.profiler - Cannot execute silk_profile as silk is not installed correctly.
2025-04-12 19:54:52,027 (INFO) - django.utils.autoreload - /Users/mac/Movies/backend/t_3/storefront3/storefront/settings/dev.py changed, reloading.
2025-04-12 19:54:52,780 (INFO) - django.utils.autoreload - Watching for file changes with StatReloader
2025-04-12 19:54:52,872 (WARNING) - silk.profiling.profiler - Cannot execute silk_profile as silk is not installed correctly.
2025-04-12 19:55:00,718 (WARNING) - silk.profiling.profiler - Cannot execute silk_profile as silk is not installed correctly.
2025-04-12 20:00:29,233 (INFO) - django.utils.autoreload - /Users/mac/Movies/backend/t_3/storefront3/storefront/settings/dev.py changed, reloading.
2025-04-12 20:00:30,015 (INFO) - django.utils.autoreload - Watching for file changes with StatReloader
2025-04-12 20:00:30,164 (WARNING) - silk.profiling.profiler - Cannot execute silk_profile as silk is not installed correctly.
2025-04-12 20:00:34,550 (INFO) - django.utils.autoreload - /Users/mac/Movies/backend/t_3/storefront3/storefront/settings/dev.py changed, reloading.
2025-04-12 20:00:34,976 (INFO) - django.utils.autoreload - Watching for file changes with StatReloader
2025-04-12 20:00:35,147 (WARNING) - silk.profiling.profiler - Cannot execute silk_profile as silk is not installed correctly.
2025-04-12 20:00:37,397 (INFO) - django.utils.autoreload - /Users/mac/Movies/backend/t_3/storefront3/storefront/settings/dev.py changed, reloading.
2025-04-12 20:00:37,845 (INFO) - django.utils.autoreload - Watching for file changes with StatReloader
2025-04-12 20:00:37,908 (WARNING) - silk.profiling.profiler - Cannot execute silk_profile as silk is not installed correctly.
2025-04-12 20:00:43,319 (INFO) - django.utils.autoreload - /Users/mac/Movies/backend/t_3/storefront3/storefront/settings/dev.py changed, reloading.
2025-04-12 20:00:43,771 (INFO) - django.utils.autoreload - Watching for file changes with StatReloader
2025-04-12 20:00:43,831 (WARNING) - silk.profiling.profiler - Cannot execute silk_profile as silk is not installed correctly.
2025-04-12 20:01:00,787 (INFO) - django.utils.autoreload - /Users/mac/Movies/backend/t_3/storefront3/storefront/settings/dev.py changed, reloading.
2025-04-12 20:01:01,454 (INFO) - django.utils.autoreload - Watching for file changes with StatReloader
2025-04-12 20:01:01,547 (WARNING) - silk.profiling.profiler - Cannot execute silk_profile as silk is not installed correctly.
2025-04-12 20:01:28,912 (INFO) - django.utils.autoreload - /Users/mac/Movies/backend/t_3/storefront3/storefront/settings/dev.py changed, reloading.
2025-04-12 20:01:29,490 (INFO) - django.utils.autoreload - Watching for file changes with StatReloader
2025-04-12 20:01:29,575 (WARNING) - silk.profiling.profiler - Cannot execute silk_profile as silk is not installed correctly.
2025-04-12 20:02:29,192 (INFO) - django.utils.autoreload - /Users/mac/Movies/backend/t_3/storefront3/storefront/settings/dev.py changed, reloading.
2025-04-12 20:02:29,804 (INFO) - django.utils.autoreload - Watching for file changes with StatReloader
2025-04-12 20:02:29,896 (WARNING) - silk.profiling.profiler - Cannot execute silk_profile as silk is not installed correctly.
2025-04-12 20:04:16,188 (WARNING) - silk.profiling.profiler - Cannot execute silk_profile as silk is not installed correctly.
2025-04-12 20:04:31,826 (WARNING) - silk.profiling.profiler - Cannot execute silk_profile as silk is not installed correctly.
2025-04-12 20:05:03,956 (WARNING) - silk.profiling.profiler - Cannot execute silk_profile as silk is not installed correctly.
2025-04-12 20:06:08,872 (INFO) - django.utils.autoreload - /Users/mac/Movies/backend/t_3/storefront3/storefront/settings/dev.py changed, reloading.
2025-04-12 20:06:09,556 (INFO) - django.utils.autoreload - Watching for file changes with StatReloader
2025-04-12 20:06:09,657 (WARNING) - silk.profiling.profiler - Cannot execute silk_profile as silk is not installed correctly.
2025-04-12 20:06:14,595 (WARNING) - silk.profiling.profiler - Cannot execute silk_profile as silk is not installed correctly.
2025-04-12 20:06:34,754 (WARNING) - silk.profiling.profiler - Cannot execute silk_profile as silk is not installed correctly.
2025-04-12 20:06:43,968 (WARNING) - silk.profiling.profiler - Cannot execute silk_profile as silk is not installed correctly.
2025-04-12 20:07:02,833 (WARNING) - silk.profiling.profiler - Cannot execute silk_profile as silk is not installed correctly.
2025-04-12 20:13:36,485 (INFO) - django.utils.autoreload - /Users/mac/Movies/backend/t_3/storefront3/storefront/settings/dev.py changed, reloading.
2025-04-12 20:13:37,235 (INFO) - django.utils.autoreload - Watching for file changes with StatReloader
2025-04-12 20:13:37,324 (WARNING) - silk.profiling.profiler - Cannot execute silk_profile as silk is not installed correctly.
2025-04-12 20:13:49,169 (INFO) - django.utils.autoreload - /Users/mac/Movies/backend/t_3/storefront3/storefront/settings/dev.py changed, reloading.
2025-04-12 20:13:49,762 (INFO) - django.utils.autoreload - Watching for file changes with StatReloader
2025-04-12 20:13:53,153 (INFO) - django.utils.autoreload - /Users/mac/Movies/backend/t_3/storefront3/storefront/settings/dev.py changed, reloading.
2025-04-12 20:13:53,630 (INFO) - django.utils.autoreload - Watching for file changes with StatReloader
2025-04-12 20:13:53,699 (WARNING) - silk.profiling.profiler - Cannot execute silk_profile as silk is not installed correctly.
2025-04-12 20:13:58,091 (INFO) - django.utils.autoreload - /Users/mac/Movies/backend/t_3/storefront3/storefront/settings/dev.py changed, reloading.
2025-04-12 20:13:58,567 (INFO) - django.utils.autoreload - Watching for file changes with StatReloader
2025-04-12 20:13:59,757 (INFO) - django.utils.autoreload - /Users/mac/Movies/backend/t_3/storefront3/storefront/settings/dev.py changed, reloading.
2025-04-12 20:14:00,124 (INFO) - django.utils.autoreload - Watching for file changes with StatReloader
2025-04-12 20:14:00,200 (WARNING) - silk.profiling.profiler - Cannot execute silk_profile as silk is not installed correctly.
2025-04-12 20:14:05,586 (INFO) - django.utils.autoreload - /Users/mac/Movies/backend/t_3/storefront3/storefront/settings/dev.py changed, reloading.
2025-04-12 20:14:06,133 (INFO) - django.utils.autoreload - Watching for file changes with StatReloader
2025-04-12 20:14:06,230 (WARNING) - silk.profiling.profiler - Cannot execute silk_profile as silk is not installed correctly.
2025-04-12 20:14:07,468 (INFO) - django.utils.autoreload - /Users/mac/Movies/backend/t_3/storefront3/storefront/settings/dev.py changed, reloading.
2025-04-12 20:14:07,924 (INFO) - django.utils.autoreload - Watching for file changes with StatReloader
2025-04-12 20:14:07,988 (WARNING) - silk.profiling.profiler - Cannot execute silk_profile as silk is not installed correctly.
2025-04-12 20:14:15,993 (WARNING) - silk.profiling.profiler - Cannot execute silk_profile as silk is not installed correctly.
2025-04-12 20:14:46,178 (WARNING) - silk.profiling.profiler - Cannot execute silk_profile as silk is not installed correctly.
2025-04-12 20:14:57,230 (WARNING) - silk.profiling.profiler - Cannot execute silk_profile as silk is not installed correctly.
2025-04-12 20:15:05,543 (INFO) - django.utils.autoreload - /Users/mac/Movies/backend/t_3/storefront3/storefront/settings/dev.py changed, reloading.
2025-04-12 20:15:06,183 (INFO) - django.utils.autoreload - Watching for file changes with StatReloader
2025-04-12 20:15:06,279 (WARNING) - silk.profiling.profiler - Cannot execute silk_profile as silk is not installed correctly.
2025-04-12 20:15:15,867 (INFO) - django.utils.autoreload - /Users/mac/Movies/backend/t_3/storefront3/storefront/settings/dev.py changed, reloading.
2025-04-12 20:15:16,497 (INFO) - django.utils.autoreload - Watching for file changes with StatReloader
2025-04-12 20:15:16,588 (WARNING) - silk.profiling.profiler - Cannot execute silk_profile as silk is not installed correctly.
2025-04-12 20:15:17,814 (INFO) - django.utils.autoreload - /Users/mac/Movies/backend/t_3/storefront3/storefront/settings/dev.py changed, reloading.
2025-04-12 20:15:18,250 (INFO) - django.utils.autoreload - Watching for file changes with StatReloader
2025-04-12 20:15:18,320 (WARNING) - silk.profiling.profiler - Cannot execute silk_profile as silk is not installed correctly.
2025-04-12 20:15:21,531 (WARNING) - silk.profiling.profiler - Cannot execute silk_profile as silk is not installed correctly.
2025-04-12 20:15:32,032 (WARNING) - silk.profiling.profiler - Cannot execute silk_profile as silk is not installed correctly.
2025-04-12 20:17:27,264 (WARNING) - silk.profiling.profiler - Cannot execute silk_profile as silk is not installed correctly.
2025-04-12 20:17:41,906 (WARNING) - silk.profiling.profiler - Cannot execute silk_profile as silk is not installed correctly.
2025-04-12 20:18:37,812 (WARNING) - silk.profiling.profiler - Cannot execute silk_profile as silk is not installed correctly.
2025-04-12 20:19:13,405 (WARNING) - silk.profiling.profiler - Cannot execute silk_profile as silk is not installed correctly.
2025-04-12 20:20:32,953 (INFO) - django.utils.autoreload - /Users/mac/Movies/backend/t_3/storefront3/storefront/settings/dev.py changed, reloading.
2025-04-12 20:20:33,698 (INFO) - django.utils.autoreload - Watching for file changes with StatReloader
2025-04-12 20:20:33,802 (WARNING) - silk.profiling.profiler - Cannot execute silk_profile as silk is not installed correctly.
2025-04-12 20:20:35,056 (INFO) - django.utils.autoreload - /Users/mac/Movies/backend/t_3/storefront3/storefront/settings/dev.py changed, reloading.
2025-04-12 20:20:35,571 (INFO) - django.utils.autoreload - Watching for file changes with StatReloader
2025-04-12 20:20:35,655 (WARNING) - silk.profiling.profiler - Cannot execute silk_profile as silk is not installed correctly.
2025-04-12 20:20:38,957 (INFO) - django.utils.autoreload - /Users/mac/Movies/backend/t_3/storefront3/storefront/settings/dev.py changed, reloading.
2025-04-13 10:02:19,610 (WARNING) - silk.profiling.profiler - Cannot execute silk_profile as silk is not installed correctly.
2025-04-13 10:43:30,532 (WARNING) - silk.profiling.profiler - Cannot execute silk_profile as silk is not installed correctly.
2025-04-13 10:48:03,892 (WARNING) - silk.profiling.profiler - Cannot execute silk_profile as silk is not installed correctly.
2025-04-13 11:10:00,811 (WARNING) - silk.profiling.profiler - Cannot execute silk_profile as silk is not installed correctly.
2025-04-13 11:10:25,289 (WARNING) - silk.profiling.profiler - Cannot execute silk_profile as silk is not installed correctly.
2025-04-13 11:10:41,845 (WARNING) - silk.profiling.profiler - Cannot execute silk_profile as silk is not installed correctly.
2025-04-13 11:36:11,432 (WARNING) - silk.profiling.profiler - Cannot execute silk_profile as silk is not installed correctly.
2025-04-28 16:55:06,579 (INFO) - django.utils.autoreload - Watching for file changes with StatReloader
2025-04-28 16:55:15,444 (ERROR) - django.security.DisallowedHost - Invalid HTTP_HOST header: '127.0.0.1:8000'. You may need to add '127.0.0.1' to ALLOWED_HOSTS.
Traceback (most recent call last):
  File "/Users/mac/.local/share/virtualenvs/storefront3-7A2ZaXMV/lib/python3.9/site-packages/django/core/handlers/exception.py", line 55, in inner
    response = get_response(request)
  File "/Users/mac/.local/share/virtualenvs/storefront3-7A2ZaXMV/lib/python3.9/site-packages/django/utils/deprecation.py", line 133, in __call__
    response = self.process_request(request)
  File "/Users/mac/.local/share/virtualenvs/storefront3-7A2ZaXMV/lib/python3.9/site-packages/django/middleware/common.py", line 48, in process_request
    host = request.get_host()
  File "/Users/mac/.local/share/virtualenvs/storefront3-7A2ZaXMV/lib/python3.9/site-packages/django/http/request.py", line 150, in get_host
    raise DisallowedHost(msg)
django.core.exceptions.DisallowedHost: Invalid HTTP_HOST header: '127.0.0.1:8000'. You may need to add '127.0.0.1' to ALLOWED_HOSTS.
2025-04-28 16:55:15,512 (WARNING) - django.request - Bad Request: /
2025-04-28 16:55:15,833 (ERROR) - django.security.DisallowedHost - Invalid HTTP_HOST header: '127.0.0.1:8000'. You may need to add '127.0.0.1' to ALLOWED_HOSTS.
Traceback (most recent call last):
  File "/Users/mac/.local/share/virtualenvs/storefront3-7A2ZaXMV/lib/python3.9/site-packages/django/core/handlers/exception.py", line 55, in inner
    response = get_response(request)
  File "/Users/mac/.local/share/virtualenvs/storefront3-7A2ZaXMV/lib/python3.9/site-packages/django/utils/deprecation.py", line 133, in __call__
    response = self.process_request(request)
  File "/Users/mac/.local/share/virtualenvs/storefront3-7A2ZaXMV/lib/python3.9/site-packages/django/middleware/common.py", line 48, in process_request
    host = request.get_host()
  File "/Users/mac/.local/share/virtualenvs/storefront3-7A2ZaXMV/lib/python3.9/site-packages/django/http/request.py", line 150, in get_host
    raise DisallowedHost(msg)
django.core.exceptions.DisallowedHost: Invalid HTTP_HOST header: '127.0.0.1:8000'. You may need to add '127.0.0.1' to ALLOWED_HOSTS.
2025-04-28 16:55:15,842 (WARNING) - django.request - Bad Request: /favicon.ico
2025-04-28 16:55:24,134 (ERROR) - django.security.DisallowedHost - Invalid HTTP_HOST header: '127.0.0.1:8000'. You may need to add '127.0.0.1' to ALLOWED_HOSTS.
Traceback (most recent call last):
  File "/Users/mac/.local/share/virtualenvs/storefront3-7A2ZaXMV/lib/python3.9/site-packages/django/core/handlers/exception.py", line 55, in inner
    response = get_response(request)
  File "/Users/mac/.local/share/virtualenvs/storefront3-7A2ZaXMV/lib/python3.9/site-packages/django/utils/deprecation.py", line 133, in __call__
    response = self.process_request(request)
  File "/Users/mac/.local/share/virtualenvs/storefront3-7A2ZaXMV/lib/python3.9/site-packages/django/middleware/common.py", line 48, in process_request
    host = request.get_host()
  File "/Users/mac/.local/share/virtualenvs/storefront3-7A2ZaXMV/lib/python3.9/site-packages/django/http/request.py", line 150, in get_host
    raise DisallowedHost(msg)
django.core.exceptions.DisallowedHost: Invalid HTTP_HOST header: '127.0.0.1:8000'. You may need to add '127.0.0.1' to ALLOWED_HOSTS.
2025-04-28 16:55:24,146 (WARNING) - django.request - Bad Request: /store/api/docs/
2025-04-28 16:55:40,321 (ERROR) - django.security.DisallowedHost - Invalid HTTP_HOST header: '127.0.0.1:8000'. You may need to add '127.0.0.1' to ALLOWED_HOSTS.
Traceback (most recent call last):
  File "/Users/mac/.local/share/virtualenvs/storefront3-7A2ZaXMV/lib/python3.9/site-packages/django/core/handlers/exception.py", line 55, in inner
    response = get_response(request)
  File "/Users/mac/.local/share/virtualenvs/storefront3-7A2ZaXMV/lib/python3.9/site-packages/django/utils/deprecation.py", line 133, in __call__
    response = self.process_request(request)
  File "/Users/mac/.local/share/virtualenvs/storefront3-7A2ZaXMV/lib/python3.9/site-packages/django/middleware/common.py", line 48, in process_request
    host = request.get_host()
  File "/Users/mac/.local/share/virtualenvs/storefront3-7A2ZaXMV/lib/python3.9/site-packages/django/http/request.py", line 150, in get_host
    raise DisallowedHost(msg)
django.core.exceptions.DisallowedHost: Invalid HTTP_HOST header: '127.0.0.1:8000'. You may need to add '127.0.0.1' to ALLOWED_HOSTS.
2025-04-28 16:55:40,357 (WARNING) - django.request - Bad Request: /store/orders/
2025-04-28 16:55:47,204 (ERROR) - django.security.DisallowedHost - Invalid HTTP_HOST header: '127.0.0.1:8000'. You may need to add '127.0.0.1' to ALLOWED_HOSTS.
Traceback (most recent call last):
  File "/Users/mac/.local/share/virtualenvs/storefront3-7A2ZaXMV/lib/python3.9/site-packages/django/core/handlers/exception.py", line 55, in inner
    response = get_response(request)
  File "/Users/mac/.local/share/virtualenvs/storefront3-7A2ZaXMV/lib/python3.9/site-packages/django/utils/deprecation.py", line 133, in __call__
    response = self.process_request(request)
  File "/Users/mac/.local/share/virtualenvs/storefront3-7A2ZaXMV/lib/python3.9/site-packages/django/middleware/common.py", line 48, in process_request
    host = request.get_host()
  File "/Users/mac/.local/share/virtualenvs/storefront3-7A2ZaXMV/lib/python3.9/site-packages/django/http/request.py", line 150, in get_host
    raise DisallowedHost(msg)
django.core.exceptions.DisallowedHost: Invalid HTTP_HOST header: '127.0.0.1:8000'. You may need to add '127.0.0.1' to ALLOWED_HOSTS.
2025-04-28 16:55:47,230 (WARNING) - django.request - Bad Request: /admin/
2025-04-28 16:56:32,003 (INFO) - django.utils.autoreload - /Users/mac/Movies/backend/t_3/storefront3/storefront/settings/prod.py changed, reloading.
2025-04-28 16:56:32,724 (INFO) - django.utils.autoreload - Watching for file changes with StatReloader
2025-04-28 16:56:43,102 (INFO) - django.utils.autoreload - Watching for file changes with StatReloader
2025-04-28 16:58:24,774 (INFO) - django.utils.autoreload - /Users/mac/Movies/backend/t_3/storefront3/storefront/settings/prod.py changed, reloading.
2025-04-28 17:06:46,808 (INFO) - django.utils.autoreload - Watching for file changes with StatReloader
2025-04-28 17:08:56,972 (INFO) - django.utils.autoreload - Watching for file changes with StatReloader
2025-04-28 17:08:57,069 (WARNING) - silk.profiling.profiler - Cannot execute silk_profile as silk is not installed correctly.
2025-04-28 17:10:14,635 (WARNING) - silk.profiling.profiler - Cannot execute silk_profile as silk is not installed correctly.
2025-04-28 17:20:05,881 (INFO) - django.utils.autoreload - Watching for file changes with StatReloader
2025-04-28 17:20:05,960 (WARNING) - silk.profiling.profiler - Cannot execute silk_profile as silk is not installed correctly.
2025-04-28 17:20:22,259 (WARNING) - silk.profiling.profiler - Cannot execute silk_profile as silk is not installed correctly.
2025-04-28 17:20:35,534 (WARNING) - silk.profiling.profiler - Cannot execute silk_profile as silk is not installed correctly.
2025-04-28 17:21:40,560 (WARNING) - silk.profiling.profiler - Cannot execute silk_profile as silk is not installed correctly.
2025-04-28 17:22:22,459 (INFO) - django.utils.autoreload - Watching for file changes with StatReloader
2025-04-28 17:22:22,552 (WARNING) - silk.profiling.profiler - Cannot execute silk_profile as silk is not installed correctly.
2025-04-28 17:24:13,984 (WARNING) - silk.profiling.profiler - Cannot execute silk_profile as silk is not installed correctly.
2025-04-28 17:24:31,710 (WARNING) - silk.profiling.profiler - Cannot execute silk_profile as silk is not installed correctly.
2025-04-28 17:26:01,667 (INFO) - django.utils.autoreload - /Users/mac/Movies/backend/t_3/storefront3/store/urls.py changed, reloading.
2025-04-28 17:26:02,188 (INFO) - django.utils.autoreload - Watching for file changes with StatReloader
2025-04-28 17:26:46,573 (INFO) - django.utils.autoreload - Watching for file changes with StatReloader
2025-04-28 17:26:46,663 (WARNING) - silk.profiling.profiler - Cannot execute silk_profile as silk is not installed correctly.
2025-04-28 17:27:36,670 (WARNING) - silk.profiling.profiler - Cannot execute silk_profile as silk is not installed correctly.
2025-04-28 17:28:37,095 (WARNING) - django.request - Not Found: /store/swagger/
2025-04-28 17:28:45,832 (WARNING) - django.request - Not Found: /store/swagger/docs
2025-04-28 17:28:53,320 (WARNING) - django.request - Not Found: /swagger/
2025-04-28 17:29:12,931 (WARNING) - django.request - Not Found: /store/swagger/api
2025-04-29 12:35:11,887 (INFO) - django.utils.autoreload - Watching for file changes with StatReloader
2025-04-29 12:35:20,276 (INFO) - django.utils.autoreload - /Users/mac/Movies/backend/t_3/storefront3/storefront/settings/common.py changed, reloading.
2025-04-29 12:35:20,634 (INFO) - django.utils.autoreload - Watching for file changes with StatReloader
2025-04-29 12:35:24,882 (INFO) - django.utils.autoreload - /Users/mac/Movies/backend/t_3/storefront3/storefront/settings/common.py changed, reloading.
2025-04-29 12:35:25,171 (INFO) - django.utils.autoreload - Watching for file changes with StatReloader
2025-04-29 12:35:26,953 (INFO) - django.utils.autoreload - Watching for file changes with StatReloader
2025-04-29 12:36:42,367 (INFO) - django.utils.autoreload - Watching for file changes with StatReloader
2025-04-29 12:36:59,728 (INFO) - django.utils.autoreload - /Users/mac/Movies/backend/t_3/storefront3/storefront/settings/common.py changed, reloading.
2025-04-29 12:37:00,141 (INFO) - django.utils.autoreload - Watching for file changes with StatReloader
2025-04-29 12:37:05,991 (INFO) - django.utils.autoreload - Watching for file changes with StatReloader
2025-04-29 12:37:24,151 (INFO) - django.utils.autoreload - Watching for file changes with StatReloader
2025-04-29 12:38:14,742 (INFO) - django.utils.autoreload - Watching for file changes with StatReloader
2025-04-29 12:38:14,834 (WARNING) - silk.profiling.profiler - Cannot execute silk_profile as silk is not installed correctly.
2025-04-29 12:38:31,350 (INFO) - django.utils.autoreload - /Users/mac/Movies/backend/t_3/storefront3/payments/urls.py changed, reloading.
2025-04-29 12:38:31,879 (INFO) - django.utils.autoreload - Watching for file changes with StatReloader
2025-04-29 12:38:33,057 (INFO) - django.utils.autoreload - /Users/mac/Movies/backend/t_3/storefront3/payments/urls.py changed, reloading.
2025-04-29 12:38:33,422 (INFO) - django.utils.autoreload - Watching for file changes with StatReloader
2025-04-29 12:38:33,493 (WARNING) - silk.profiling.profiler - Cannot execute silk_profile as silk is not installed correctly.
2025-04-29 12:38:38,712 (INFO) - django.utils.autoreload - /Users/mac/Movies/backend/t_3/storefront3/payments/urls.py changed, reloading.
2025-04-29 12:38:39,049 (INFO) - django.utils.autoreload - Watching for file changes with StatReloader
2025-04-29 12:38:39,098 (WARNING) - silk.profiling.profiler - Cannot execute silk_profile as silk is not installed correctly.
2025-04-29 12:38:43,256 (INFO) - django.utils.autoreload - /Users/mac/Movies/backend/t_3/storefront3/payments/urls.py changed, reloading.
2025-04-29 12:38:43,621 (INFO) - django.utils.autoreload - Watching for file changes with StatReloader
2025-04-29 12:39:12,596 (INFO) - django.utils.autoreload - /Users/mac/Movies/backend/t_3/storefront3/payments/views.py changed, reloading.
2025-04-29 12:39:13,174 (INFO) - django.utils.autoreload - Watching for file changes with StatReloader
2025-04-29 12:39:15,436 (INFO) - django.utils.autoreload - /Users/mac/Movies/backend/t_3/storefront3/payments/views.py changed, reloading.
2025-04-29 12:39:15,771 (INFO) - django.utils.autoreload - Watching for file changes with StatReloader
2025-04-29 12:39:16,899 (INFO) - django.utils.autoreload - /Users/mac/Movies/backend/t_3/storefront3/payments/views.py changed, reloading.
2025-04-29 12:39:17,261 (INFO) - django.utils.autoreload - Watching for file changes with StatReloader
2025-04-29 12:39:26,647 (INFO) - django.utils.autoreload - /Users/mac/Movies/backend/t_3/storefront3/payments/views.py changed, reloading.
2025-04-29 12:39:26,966 (INFO) - django.utils.autoreload - Watching for file changes with StatReloader
2025-04-29 12:39:30,160 (INFO) - django.utils.autoreload - /Users/mac/Movies/backend/t_3/storefront3/payments/views.py changed, reloading.
2025-04-29 12:39:30,601 (INFO) - django.utils.autoreload - Watching for file changes with StatReloader
2025-04-29 12:39:33,805 (INFO) - django.utils.autoreload - /Users/mac/Movies/backend/t_3/storefront3/payments/views.py changed, reloading.
2025-04-29 12:39:34,230 (INFO) - django.utils.autoreload - Watching for file changes with StatReloader
2025-04-29 12:39:36,399 (INFO) - django.utils.autoreload - /Users/mac/Movies/backend/t_3/storefront3/payments/views.py changed, reloading.
2025-04-29 12:39:36,787 (INFO) - django.utils.autoreload - Watching for file changes with StatReloader
2025-04-29 12:39:38,944 (INFO) - django.utils.autoreload - /Users/mac/Movies/backend/t_3/storefront3/payments/views.py changed, reloading.
2025-04-29 12:39:39,276 (INFO) - django.utils.autoreload - Watching for file changes with StatReloader
2025-04-29 12:39:49,808 (INFO) - django.utils.autoreload - /Users/mac/Movies/backend/t_3/storefront3/payments/views.py changed, reloading.
2025-04-29 12:39:50,158 (INFO) - django.utils.autoreload - Watching for file changes with StatReloader
2025-04-29 12:39:58,628 (INFO) - django.utils.autoreload - /Users/mac/Movies/backend/t_3/storefront3/payments/views.py changed, reloading.
2025-04-29 12:39:58,998 (INFO) - django.utils.autoreload - Watching for file changes with StatReloader
2025-04-29 12:40:07,398 (INFO) - django.utils.autoreload - /Users/mac/Movies/backend/t_3/storefront3/payments/models.py changed, reloading.
2025-04-29 12:40:08,000 (INFO) - django.utils.autoreload - Watching for file changes with StatReloader
2025-04-29 12:40:09,152 (INFO) - django.utils.autoreload - /Users/mac/Movies/backend/t_3/storefront3/payments/models.py changed, reloading.
2025-04-29 12:40:09,565 (INFO) - django.utils.autoreload - Watching for file changes with StatReloader
2025-04-29 12:40:12,792 (INFO) - django.utils.autoreload - /Users/mac/Movies/backend/t_3/storefront3/payments/models.py changed, reloading.
2025-04-29 12:40:13,118 (INFO) - django.utils.autoreload - Watching for file changes with StatReloader
2025-04-29 12:47:26,555 (INFO) - django.utils.autoreload - /Users/mac/Movies/backend/t_3/storefront3/payments/models.py changed, reloading.
2025-04-29 12:47:26,998 (INFO) - django.utils.autoreload - Watching for file changes with StatReloader
2025-04-29 12:47:30,244 (INFO) - django.utils.autoreload - /Users/mac/Movies/backend/t_3/storefront3/payments/models.py changed, reloading.
2025-04-29 12:47:30,689 (INFO) - django.utils.autoreload - Watching for file changes with StatReloader
2025-04-29 12:47:31,837 (INFO) - django.utils.autoreload - /Users/mac/Movies/backend/t_3/storefront3/payments/models.py changed, reloading.
2025-04-29 12:47:32,221 (INFO) - django.utils.autoreload - Watching for file changes with StatReloader
2025-04-29 12:47:35,404 (INFO) - django.utils.autoreload - /Users/mac/Movies/backend/t_3/storefront3/payments/models.py changed, reloading.
2025-04-29 12:47:35,742 (INFO) - django.utils.autoreload - Watching for file changes with StatReloader
2025-04-29 12:47:50,039 (INFO) - django.utils.autoreload - /Users/mac/Movies/backend/t_3/storefront3/payments/models.py changed, reloading.
2025-04-29 12:47:50,477 (INFO) - django.utils.autoreload - Watching for file changes with StatReloader
2025-04-29 12:47:53,733 (INFO) - django.utils.autoreload - /Users/mac/Movies/backend/t_3/storefront3/payments/models.py changed, reloading.
2025-04-29 12:47:54,171 (INFO) - django.utils.autoreload - Watching for file changes with StatReloader
2025-04-29 12:48:12,843 (INFO) - django.utils.autoreload - /Users/mac/Movies/backend/t_3/storefront3/payments/views.py changed, reloading.
2025-04-29 12:48:13,386 (INFO) - django.utils.autoreload - Watching for file changes with StatReloader
2025-04-29 12:48:14,567 (INFO) - django.utils.autoreload - /Users/mac/Movies/backend/t_3/storefront3/payments/views.py changed, reloading.
2025-04-29 12:48:14,902 (INFO) - django.utils.autoreload - Watching for file changes with StatReloader
2025-04-29 12:48:19,149 (INFO) - django.utils.autoreload - /Users/mac/Movies/backend/t_3/storefront3/payments/views.py changed, reloading.
2025-04-29 12:48:19,462 (INFO) - django.utils.autoreload - Watching for file changes with StatReloader
2025-04-29 12:48:22,670 (INFO) - django.utils.autoreload - /Users/mac/Movies/backend/t_3/storefront3/payments/views.py changed, reloading.
2025-04-29 12:48:23,022 (INFO) - django.utils.autoreload - Watching for file changes with StatReloader
2025-04-29 12:48:25,225 (INFO) - django.utils.autoreload - /Users/mac/Movies/backend/t_3/storefront3/payments/views.py changed, reloading.
2025-04-29 12:48:25,577 (INFO) - django.utils.autoreload - Watching for file changes with StatReloader
2025-04-29 12:48:28,792 (INFO) - django.utils.autoreload - /Users/mac/Movies/backend/t_3/storefront3/payments/views.py changed, reloading.
2025-04-29 12:48:29,170 (INFO) - django.utils.autoreload - Watching for file changes with StatReloader
2025-04-29 12:49:26,962 (INFO) - django.utils.autoreload - /Users/mac/Movies/backend/t_3/storefront3/payments/views.py changed, reloading.
2025-04-29 12:49:27,335 (INFO) - django.utils.autoreload - Watching for file changes with StatReloader
2025-04-29 12:49:30,556 (INFO) - django.utils.autoreload - /Users/mac/Movies/backend/t_3/storefront3/payments/views.py changed, reloading.
2025-04-29 12:49:30,880 (INFO) - django.utils.autoreload - Watching for file changes with StatReloader
2025-04-29 12:49:35,076 (INFO) - django.utils.autoreload - /Users/mac/Movies/backend/t_3/storefront3/payments/views.py changed, reloading.
2025-04-29 12:49:35,457 (INFO) - django.utils.autoreload - Watching for file changes with StatReloader
2025-04-29 12:49:40,739 (INFO) - django.utils.autoreload - /Users/mac/Movies/backend/t_3/storefront3/payments/views.py changed, reloading.
2025-04-29 12:49:41,081 (INFO) - django.utils.autoreload - Watching for file changes with StatReloader
2025-04-29 12:49:45,308 (INFO) - django.utils.autoreload - /Users/mac/Movies/backend/t_3/storefront3/payments/views.py changed, reloading.
2025-04-29 12:49:45,744 (INFO) - django.utils.autoreload - Watching for file changes with StatReloader
2025-04-29 12:49:49,966 (INFO) - django.utils.autoreload - /Users/mac/Movies/backend/t_3/storefront3/payments/views.py changed, reloading.
2025-04-29 12:49:50,326 (INFO) - django.utils.autoreload - Watching for file changes with StatReloader
2025-04-29 12:49:51,468 (INFO) - django.utils.autoreload - /Users/mac/Movies/backend/t_3/storefront3/payments/views.py changed, reloading.
2025-04-29 12:49:51,815 (INFO) - django.utils.autoreload - Watching for file changes with StatReloader
2025-04-29 12:49:53,988 (INFO) - django.utils.autoreload - /Users/mac/Movies/backend/t_3/storefront3/payments/views.py changed, reloading.
2025-04-29 12:49:54,318 (INFO) - django.utils.autoreload - Watching for file changes with StatReloader
2025-04-29 12:50:01,702 (INFO) - django.utils.autoreload - /Users/mac/Movies/backend/t_3/storefront3/payments/views.py changed, reloading.
2025-04-29 12:50:02,112 (INFO) - django.utils.autoreload - Watching for file changes with StatReloader
2025-04-29 12:50:06,357 (INFO) - django.utils.autoreload - /Users/mac/Movies/backend/t_3/storefront3/payments/views.py changed, reloading.
2025-04-29 12:50:06,713 (INFO) - django.utils.autoreload - Watching for file changes with StatReloader
2025-04-29 12:50:08,879 (INFO) - django.utils.autoreload - /Users/mac/Movies/backend/t_3/storefront3/payments/views.py changed, reloading.
2025-04-29 12:50:09,248 (INFO) - django.utils.autoreload - Watching for file changes with StatReloader
2025-04-29 12:50:16,559 (INFO) - django.utils.autoreload - /Users/mac/Movies/backend/t_3/storefront3/payments/views.py changed, reloading.
2025-04-29 12:50:16,942 (INFO) - django.utils.autoreload - Watching for file changes with StatReloader
2025-04-29 12:50:24,211 (INFO) - django.utils.autoreload - /Users/mac/Movies/backend/t_3/storefront3/payments/views.py changed, reloading.
2025-04-29 12:50:24,563 (INFO) - django.utils.autoreload - Watching for file changes with StatReloader
2025-04-29 12:50:25,734 (INFO) - django.utils.autoreload - /Users/mac/Movies/backend/t_3/storefront3/payments/views.py changed, reloading.
2025-04-29 12:50:26,144 (INFO) - django.utils.autoreload - Watching for file changes with StatReloader
2025-04-29 12:50:27,319 (INFO) - django.utils.autoreload - /Users/mac/Movies/backend/t_3/storefront3/payments/views.py changed, reloading.
2025-04-29 12:50:27,692 (INFO) - django.utils.autoreload - Watching for file changes with StatReloader
2025-04-29 12:50:31,947 (INFO) - django.utils.autoreload - /Users/mac/Movies/backend/t_3/storefront3/payments/views.py changed, reloading.
2025-04-29 12:50:32,331 (INFO) - django.utils.autoreload - Watching for file changes with StatReloader
2025-04-29 12:50:34,490 (INFO) - django.utils.autoreload - /Users/mac/Movies/backend/t_3/storefront3/payments/views.py changed, reloading.
2025-04-29 12:50:34,867 (INFO) - django.utils.autoreload - Watching for file changes with StatReloader
2025-04-29 12:50:37,051 (INFO) - django.utils.autoreload - /Users/mac/Movies/backend/t_3/storefront3/payments/views.py changed, reloading.
2025-04-29 12:50:37,396 (INFO) - django.utils.autoreload - Watching for file changes with StatReloader
2025-04-29 12:50:39,577 (INFO) - django.utils.autoreload - /Users/mac/Movies/backend/t_3/storefront3/payments/views.py changed, reloading.
2025-04-29 12:50:39,927 (INFO) - django.utils.autoreload - Watching for file changes with StatReloader
2025-04-29 12:50:42,077 (INFO) - django.utils.autoreload - /Users/mac/Movies/backend/t_3/storefront3/payments/views.py changed, reloading.
2025-04-29 12:50:42,425 (INFO) - django.utils.autoreload - Watching for file changes with StatReloader
2025-04-29 12:50:45,622 (INFO) - django.utils.autoreload - /Users/mac/Movies/backend/t_3/storefront3/payments/views.py changed, reloading.
2025-04-29 12:50:45,964 (INFO) - django.utils.autoreload - Watching for file changes with StatReloader
2025-04-29 12:50:49,180 (INFO) - django.utils.autoreload - /Users/mac/Movies/backend/t_3/storefront3/payments/views.py changed, reloading.
2025-04-29 12:50:49,532 (INFO) - django.utils.autoreload - Watching for file changes with StatReloader
2025-04-29 12:54:40,726 (INFO) - django.utils.autoreload - /Users/mac/Movies/backend/t_3/storefront3/payments/models.py changed, reloading.
2025-04-29 12:54:41,129 (INFO) - django.utils.autoreload - Watching for file changes with StatReloader
2025-04-29 12:54:42,316 (INFO) - django.utils.autoreload - /Users/mac/Movies/backend/t_3/storefront3/payments/models.py changed, reloading.
2025-04-29 12:54:42,675 (INFO) - django.utils.autoreload - Watching for file changes with StatReloader
2025-04-29 12:54:44,862 (INFO) - django.utils.autoreload - /Users/mac/Movies/backend/t_3/storefront3/payments/models.py changed, reloading.
2025-04-29 12:54:45,222 (INFO) - django.utils.autoreload - Watching for file changes with StatReloader
2025-04-29 12:54:52,578 (INFO) - django.utils.autoreload - /Users/mac/Movies/backend/t_3/storefront3/payments/models.py changed, reloading.
2025-04-29 12:54:52,928 (INFO) - django.utils.autoreload - Watching for file changes with StatReloader
2025-04-29 12:55:53,759 (INFO) - django.utils.autoreload - /Users/mac/Movies/backend/t_3/storefront3/payments/models.py changed, reloading.
2025-04-29 12:55:54,131 (INFO) - django.utils.autoreload - Watching for file changes with StatReloader
2025-04-29 12:55:59,374 (INFO) - django.utils.autoreload - /Users/mac/Movies/backend/t_3/storefront3/payments/models.py changed, reloading.
2025-04-29 12:55:59,685 (INFO) - django.utils.autoreload - Watching for file changes with StatReloader
2025-04-29 12:56:03,947 (INFO) - django.utils.autoreload - /Users/mac/Movies/backend/t_3/storefront3/payments/models.py changed, reloading.
2025-04-29 12:56:04,297 (INFO) - django.utils.autoreload - Watching for file changes with StatReloader
2025-04-29 12:56:05,453 (INFO) - django.utils.autoreload - /Users/mac/Movies/backend/t_3/storefront3/payments/models.py changed, reloading.
2025-04-29 12:56:05,791 (INFO) - django.utils.autoreload - Watching for file changes with StatReloader
2025-04-29 12:56:08,976 (INFO) - django.utils.autoreload - /Users/mac/Movies/backend/t_3/storefront3/payments/models.py changed, reloading.
2025-04-29 12:56:09,367 (INFO) - django.utils.autoreload - Watching for file changes with StatReloader
2025-04-29 12:56:17,614 (INFO) - django.utils.autoreload - /Users/mac/Movies/backend/t_3/storefront3/payments/models.py changed, reloading.
2025-04-29 12:56:17,961 (INFO) - django.utils.autoreload - Watching for file changes with StatReloader
2025-04-29 12:56:23,241 (INFO) - django.utils.autoreload - /Users/mac/Movies/backend/t_3/storefront3/payments/models.py changed, reloading.
2025-04-29 12:56:23,591 (INFO) - django.utils.autoreload - Watching for file changes with StatReloader
2025-04-29 12:56:26,771 (INFO) - django.utils.autoreload - /Users/mac/Movies/backend/t_3/storefront3/payments/models.py changed, reloading.
2025-04-29 12:56:27,140 (INFO) - django.utils.autoreload - Watching for file changes with StatReloader
2025-04-29 12:56:31,357 (INFO) - django.utils.autoreload - /Users/mac/Movies/backend/t_3/storefront3/payments/models.py changed, reloading.
2025-04-29 12:56:31,710 (INFO) - django.utils.autoreload - Watching for file changes with StatReloader
2025-04-29 12:56:32,870 (INFO) - django.utils.autoreload - /Users/mac/Movies/backend/t_3/storefront3/payments/models.py changed, reloading.
2025-04-29 12:56:33,228 (INFO) - django.utils.autoreload - Watching for file changes with StatReloader
2025-04-29 12:56:46,552 (INFO) - django.utils.autoreload - /Users/mac/Movies/backend/t_3/storefront3/payments/models.py changed, reloading.
2025-04-29 12:56:46,907 (INFO) - django.utils.autoreload - Watching for file changes with StatReloader
2025-04-29 12:56:48,062 (INFO) - django.utils.autoreload - /Users/mac/Movies/backend/t_3/storefront3/payments/models.py changed, reloading.
2025-04-29 12:56:48,413 (INFO) - django.utils.autoreload - Watching for file changes with StatReloader
2025-04-29 12:56:49,560 (INFO) - django.utils.autoreload - /Users/mac/Movies/backend/t_3/storefront3/payments/models.py changed, reloading.
2025-04-29 12:56:49,965 (INFO) - django.utils.autoreload - Watching for file changes with StatReloader
2025-04-29 12:56:52,135 (INFO) - django.utils.autoreload - /Users/mac/Movies/backend/t_3/storefront3/payments/models.py changed, reloading.
2025-04-29 12:56:52,592 (INFO) - django.utils.autoreload - Watching for file changes with StatReloader
2025-04-29 12:56:54,798 (INFO) - django.utils.autoreload - /Users/mac/Movies/backend/t_3/storefront3/payments/models.py changed, reloading.
2025-04-29 12:56:55,175 (INFO) - django.utils.autoreload - Watching for file changes with StatReloader
2025-04-29 12:57:02,408 (INFO) - django.utils.autoreload - /Users/mac/Movies/backend/t_3/storefront3/payments/models.py changed, reloading.
2025-04-29 12:57:02,742 (INFO) - django.utils.autoreload - Watching for file changes with StatReloader
2025-04-29 12:57:24,242 (INFO) - django.utils.autoreload - /Users/mac/Movies/backend/t_3/storefront3/payments/models.py changed, reloading.
2025-04-29 12:57:24,585 (INFO) - django.utils.autoreload - Watching for file changes with StatReloader
2025-04-29 12:57:32,830 (INFO) - django.utils.autoreload - /Users/mac/Movies/backend/t_3/storefront3/payments/models.py changed, reloading.
2025-04-29 12:57:33,181 (INFO) - django.utils.autoreload - Watching for file changes with StatReloader
2025-04-29 12:57:39,428 (INFO) - django.utils.autoreload - /Users/mac/Movies/backend/t_3/storefront3/payments/models.py changed, reloading.
2025-04-29 12:57:39,790 (INFO) - django.utils.autoreload - Watching for file changes with StatReloader
2025-04-29 12:57:40,940 (INFO) - django.utils.autoreload - /Users/mac/Movies/backend/t_3/storefront3/payments/models.py changed, reloading.
2025-04-29 12:57:41,327 (INFO) - django.utils.autoreload - Watching for file changes with StatReloader
2025-04-29 12:57:43,486 (INFO) - django.utils.autoreload - /Users/mac/Movies/backend/t_3/storefront3/payments/models.py changed, reloading.
2025-04-29 12:57:43,820 (INFO) - django.utils.autoreload - Watching for file changes with StatReloader
2025-04-29 12:57:44,986 (INFO) - django.utils.autoreload - /Users/mac/Movies/backend/t_3/storefront3/payments/models.py changed, reloading.
2025-04-29 12:57:45,393 (INFO) - django.utils.autoreload - Watching for file changes with StatReloader
2025-04-29 12:57:46,546 (INFO) - django.utils.autoreload - /Users/mac/Movies/backend/t_3/storefront3/payments/models.py changed, reloading.
2025-04-29 12:57:46,929 (INFO) - django.utils.autoreload - Watching for file changes with StatReloader
2025-04-29 12:57:48,082 (INFO) - django.utils.autoreload - /Users/mac/Movies/backend/t_3/storefront3/payments/models.py changed, reloading.
2025-04-29 12:57:48,392 (INFO) - django.utils.autoreload - Watching for file changes with StatReloader
2025-04-29 12:57:49,549 (INFO) - django.utils.autoreload - /Users/mac/Movies/backend/t_3/storefront3/payments/models.py changed, reloading.
2025-04-29 12:57:49,889 (INFO) - django.utils.autoreload - Watching for file changes with StatReloader
2025-04-29 12:58:04,244 (INFO) - django.utils.autoreload - /Users/mac/Movies/backend/t_3/storefront3/payments/models.py changed, reloading.
2025-04-29 12:58:04,767 (INFO) - django.utils.autoreload - Watching for file changes with StatReloader
2025-04-29 12:58:11,999 (INFO) - django.utils.autoreload - /Users/mac/Movies/backend/t_3/storefront3/payments/models.py changed, reloading.
2025-04-29 12:58:12,326 (INFO) - django.utils.autoreload - Watching for file changes with StatReloader
2025-04-29 12:58:19,556 (INFO) - django.utils.autoreload - /Users/mac/Movies/backend/t_3/storefront3/payments/models.py changed, reloading.
2025-04-29 12:58:19,960 (INFO) - django.utils.autoreload - Watching for file changes with StatReloader
2025-04-29 12:58:21,116 (INFO) - django.utils.autoreload - /Users/mac/Movies/backend/t_3/storefront3/payments/models.py changed, reloading.
2025-04-29 12:58:21,473 (INFO) - django.utils.autoreload - Watching for file changes with StatReloader
2025-04-29 12:58:22,624 (INFO) - django.utils.autoreload - /Users/mac/Movies/backend/t_3/storefront3/payments/models.py changed, reloading.
2025-04-29 12:58:22,960 (INFO) - django.utils.autoreload - Watching for file changes with StatReloader
2025-04-29 12:58:28,166 (INFO) - django.utils.autoreload - /Users/mac/Movies/backend/t_3/storefront3/payments/models.py changed, reloading.
2025-04-29 12:58:28,506 (INFO) - django.utils.autoreload - Watching for file changes with StatReloader
2025-04-29 12:58:32,698 (INFO) - django.utils.autoreload - /Users/mac/Movies/backend/t_3/storefront3/payments/models.py changed, reloading.
2025-04-29 12:58:33,028 (INFO) - django.utils.autoreload - Watching for file changes with StatReloader
2025-04-29 12:58:34,183 (INFO) - django.utils.autoreload - /Users/mac/Movies/backend/t_3/storefront3/payments/models.py changed, reloading.
2025-04-29 12:58:34,515 (INFO) - django.utils.autoreload - Watching for file changes with StatReloader
2025-04-29 12:58:36,700 (INFO) - django.utils.autoreload - /Users/mac/Movies/backend/t_3/storefront3/payments/models.py changed, reloading.
2025-04-29 12:58:37,009 (INFO) - django.utils.autoreload - Watching for file changes with StatReloader
2025-04-29 12:58:44,255 (INFO) - django.utils.autoreload - /Users/mac/Movies/backend/t_3/storefront3/payments/models.py changed, reloading.
2025-04-29 12:58:44,653 (INFO) - django.utils.autoreload - Watching for file changes with StatReloader
2025-04-29 12:58:45,806 (INFO) - django.utils.autoreload - /Users/mac/Movies/backend/t_3/storefront3/payments/models.py changed, reloading.
2025-04-29 12:58:46,199 (INFO) - django.utils.autoreload - Watching for file changes with StatReloader
2025-04-29 12:58:50,400 (INFO) - django.utils.autoreload - /Users/mac/Movies/backend/t_3/storefront3/payments/models.py changed, reloading.
2025-04-29 12:58:50,812 (INFO) - django.utils.autoreload - Watching for file changes with StatReloader
2025-04-29 12:58:52,993 (INFO) - django.utils.autoreload - /Users/mac/Movies/backend/t_3/storefront3/payments/models.py changed, reloading.
2025-04-29 12:58:53,384 (INFO) - django.utils.autoreload - Watching for file changes with StatReloader
2025-04-29 12:58:57,560 (INFO) - django.utils.autoreload - /Users/mac/Movies/backend/t_3/storefront3/payments/models.py changed, reloading.
2025-04-29 12:58:57,883 (INFO) - django.utils.autoreload - Watching for file changes with StatReloader
2025-04-29 13:03:29,005 (INFO) - django.utils.autoreload - /Users/mac/Movies/backend/t_3/storefront3/orders/models.py changed, reloading.
2025-04-29 13:03:29,359 (INFO) - django.utils.autoreload - Watching for file changes with StatReloader
2025-04-29 13:05:18,912 (INFO) - django.utils.autoreload - /Users/mac/Movies/backend/t_3/storefront3/store/models.py changed, reloading.
2025-04-29 13:05:19,507 (INFO) - django.utils.autoreload - Watching for file changes with StatReloader
2025-04-29 13:05:27,744 (INFO) - django.utils.autoreload - /Users/mac/Movies/backend/t_3/storefront3/orders/models.py changed, reloading.
2025-04-29 13:05:28,060 (INFO) - django.utils.autoreload - Watching for file changes with StatReloader
2025-04-29 13:05:36,333 (INFO) - django.utils.autoreload - /Users/mac/Movies/backend/t_3/storefront3/orders/models.py changed, reloading.
2025-04-29 13:05:36,629 (INFO) - django.utils.autoreload - Watching for file changes with StatReloader
2025-04-29 13:05:38,800 (INFO) - django.utils.autoreload - /Users/mac/Movies/backend/t_3/storefront3/orders/models.py changed, reloading.
2025-04-29 13:05:39,118 (INFO) - django.utils.autoreload - Watching for file changes with StatReloader
2025-04-29 13:05:42,311 (INFO) - django.utils.autoreload - /Users/mac/Movies/backend/t_3/storefront3/orders/models.py changed, reloading.
2025-04-29 13:05:42,722 (INFO) - django.utils.autoreload - Watching for file changes with StatReloader
2025-04-29 13:08:28,997 (INFO) - django.utils.autoreload - /Users/mac/Movies/backend/t_3/storefront3/store/models.py changed, reloading.
2025-04-29 13:08:29,519 (INFO) - django.utils.autoreload - Watching for file changes with StatReloader
2025-04-29 13:16:29,311 (INFO) - django.utils.autoreload - /Users/mac/Movies/backend/t_3/storefront3/store/models.py changed, reloading.
2025-04-29 13:16:29,706 (INFO) - django.utils.autoreload - Watching for file changes with StatReloader
2025-04-29 13:16:33,887 (INFO) - django.utils.autoreload - /Users/mac/Movies/backend/t_3/storefront3/store/models.py changed, reloading.
2025-04-29 13:16:34,214 (INFO) - django.utils.autoreload - Watching for file changes with StatReloader
2025-04-29 13:16:45,564 (INFO) - django.utils.autoreload - /Users/mac/Movies/backend/t_3/storefront3/orders/models.py changed, reloading.
2025-04-29 13:16:46,094 (INFO) - django.utils.autoreload - Watching for file changes with StatReloader
2025-04-29 13:16:50,275 (INFO) - django.utils.autoreload - /Users/mac/Movies/backend/t_3/storefront3/orders/models.py changed, reloading.
2025-04-29 13:16:50,623 (INFO) - django.utils.autoreload - Watching for file changes with StatReloader
2025-04-29 13:16:55,835 (INFO) - django.utils.autoreload - /Users/mac/Movies/backend/t_3/storefront3/orders/models.py changed, reloading.
2025-04-29 13:16:56,197 (INFO) - django.utils.autoreload - Watching for file changes with StatReloader
2025-04-29 13:17:03,432 (INFO) - django.utils.autoreload - /Users/mac/Movies/backend/t_3/storefront3/orders/models.py changed, reloading.
2025-04-29 13:17:03,771 (INFO) - django.utils.autoreload - Watching for file changes with StatReloader
2025-04-29 13:17:10,011 (INFO) - django.utils.autoreload - /Users/mac/Movies/backend/t_3/storefront3/orders/models.py changed, reloading.
2025-04-29 13:17:10,365 (INFO) - django.utils.autoreload - Watching for file changes with StatReloader
2025-04-29 13:17:11,522 (INFO) - django.utils.autoreload - /Users/mac/Movies/backend/t_3/storefront3/orders/models.py changed, reloading.
2025-04-29 13:17:11,850 (INFO) - django.utils.autoreload - Watching for file changes with StatReloader
2025-04-29 13:17:28,227 (INFO) - django.utils.autoreload - /Users/mac/Movies/backend/t_3/storefront3/orders/models.py changed, reloading.
2025-04-29 13:17:28,590 (INFO) - django.utils.autoreload - Watching for file changes with StatReloader
2025-04-29 13:17:29,806 (INFO) - django.utils.autoreload - /Users/mac/Movies/backend/t_3/storefront3/orders/models.py changed, reloading.
2025-04-29 13:17:30,213 (INFO) - django.utils.autoreload - Watching for file changes with StatReloader
2025-04-29 13:17:44,620 (INFO) - django.utils.autoreload - /Users/mac/Movies/backend/t_3/storefront3/store/admin.py changed, reloading.
2025-04-29 13:17:45,162 (INFO) - django.utils.autoreload - Watching for file changes with StatReloader
2025-04-29 13:17:53,507 (INFO) - django.utils.autoreload - /Users/mac/Movies/backend/t_3/storefront3/orders/admin.py changed, reloading.
2025-04-29 13:17:53,942 (INFO) - django.utils.autoreload - Watching for file changes with StatReloader
2025-04-29 13:17:59,223 (INFO) - django.utils.autoreload - /Users/mac/Movies/backend/t_3/storefront3/orders/admin.py changed, reloading.
2025-04-29 13:17:59,558 (INFO) - django.utils.autoreload - Watching for file changes with StatReloader
2025-04-29 13:18:08,878 (INFO) - django.utils.autoreload - /Users/mac/Movies/backend/t_3/storefront3/orders/admin.py changed, reloading.
2025-04-29 13:18:09,242 (INFO) - django.utils.autoreload - Watching for file changes with StatReloader
2025-04-29 13:18:16,543 (INFO) - django.utils.autoreload - /Users/mac/Movies/backend/t_3/storefront3/orders/admin.py changed, reloading.
2025-04-29 13:18:16,932 (INFO) - django.utils.autoreload - Watching for file changes with StatReloader
2025-04-29 13:18:18,079 (INFO) - django.utils.autoreload - /Users/mac/Movies/backend/t_3/storefront3/orders/admin.py changed, reloading.
2025-04-29 13:18:18,431 (INFO) - django.utils.autoreload - Watching for file changes with StatReloader
2025-04-29 13:18:29,865 (INFO) - django.utils.autoreload - /Users/mac/Movies/backend/t_3/storefront3/store/views.py changed, reloading.
2025-04-29 13:18:30,339 (INFO) - django.utils.autoreload - Watching for file changes with StatReloader
2025-04-29 13:18:33,535 (INFO) - django.utils.autoreload - /Users/mac/Movies/backend/t_3/storefront3/store/views.py changed, reloading.
2025-04-29 13:18:33,866 (INFO) - django.utils.autoreload - Watching for file changes with StatReloader
2025-04-29 13:20:09,609 (INFO) - django.utils.autoreload - /Users/mac/Movies/backend/t_3/storefront3/store/serializers.py changed, reloading.
2025-04-29 13:20:09,962 (INFO) - django.utils.autoreload - Watching for file changes with StatReloader
2025-04-29 13:21:06,621 (INFO) - django.utils.autoreload - /Users/mac/Movies/backend/t_3/storefront3/store/views.py changed, reloading.
2025-04-29 13:21:07,067 (INFO) - django.utils.autoreload - Watching for file changes with StatReloader
2025-04-29 13:21:20,696 (INFO) - django.utils.autoreload - /Users/mac/Movies/backend/t_3/storefront3/customers/views.py changed, reloading.
2025-04-29 13:21:21,105 (INFO) - django.utils.autoreload - Watching for file changes with StatReloader
2025-04-29 13:23:03,364 (INFO) - django.utils.autoreload - /Users/mac/Movies/backend/t_3/storefront3/store/views.py changed, reloading.
2025-04-29 13:23:03,806 (INFO) - django.utils.autoreload - Watching for file changes with StatReloader
2025-04-29 13:23:07,046 (INFO) - django.utils.autoreload - /Users/mac/Movies/backend/t_3/storefront3/store/views.py changed, reloading.
2025-04-29 13:23:07,412 (INFO) - django.utils.autoreload - Watching for file changes with StatReloader
2025-04-29 13:23:11,626 (INFO) - django.utils.autoreload - /Users/mac/Movies/backend/t_3/storefront3/store/views.py changed, reloading.
2025-04-29 13:23:11,988 (INFO) - django.utils.autoreload - Watching for file changes with StatReloader
2025-04-29 13:23:17,265 (INFO) - django.utils.autoreload - /Users/mac/Movies/backend/t_3/storefront3/store/views.py changed, reloading.
2025-04-29 13:23:17,624 (INFO) - django.utils.autoreload - Watching for file changes with StatReloader
2025-04-29 13:23:28,112 (INFO) - django.utils.autoreload - /Users/mac/Movies/backend/t_3/storefront3/customers/views.py changed, reloading.
2025-04-29 13:23:28,459 (INFO) - django.utils.autoreload - Watching for file changes with StatReloader
2025-04-29 13:23:42,023 (INFO) - django.utils.autoreload - /Users/mac/Movies/backend/t_3/storefront3/customers/views.py changed, reloading.
2025-04-29 13:23:42,411 (INFO) - django.utils.autoreload - Watching for file changes with StatReloader
2025-04-29 13:23:44,596 (INFO) - django.utils.autoreload - /Users/mac/Movies/backend/t_3/storefront3/customers/views.py changed, reloading.
2025-04-29 13:23:45,050 (INFO) - django.utils.autoreload - Watching for file changes with StatReloader
2025-04-29 13:24:12,007 (INFO) - django.utils.autoreload - /Users/mac/Movies/backend/t_3/storefront3/store/serializers.py changed, reloading.
2025-04-29 13:24:12,667 (INFO) - django.utils.autoreload - Watching for file changes with StatReloader
2025-04-29 13:24:19,997 (INFO) - django.utils.autoreload - /Users/mac/Movies/backend/t_3/storefront3/customers/serializers.py changed, reloading.
2025-04-29 13:24:20,339 (INFO) - django.utils.autoreload - Watching for file changes with StatReloader
2025-04-29 13:24:27,704 (INFO) - django.utils.autoreload - /Users/mac/Movies/backend/t_3/storefront3/customers/serializers.py changed, reloading.
2025-04-29 13:24:28,121 (INFO) - django.utils.autoreload - Watching for file changes with StatReloader
2025-04-29 13:24:32,392 (INFO) - django.utils.autoreload - /Users/mac/Movies/backend/t_3/storefront3/customers/serializers.py changed, reloading.
2025-04-29 13:24:32,797 (INFO) - django.utils.autoreload - Watching for file changes with StatReloader
2025-04-29 13:24:35,048 (INFO) - django.utils.autoreload - /Users/mac/Movies/backend/t_3/storefront3/customers/serializers.py changed, reloading.
2025-04-29 13:24:35,405 (INFO) - django.utils.autoreload - Watching for file changes with StatReloader
2025-04-29 13:24:37,603 (INFO) - django.utils.autoreload - /Users/mac/Movies/backend/t_3/storefront3/customers/serializers.py changed, reloading.
2025-04-29 13:24:38,093 (INFO) - django.utils.autoreload - Watching for file changes with StatReloader
2025-04-29 13:24:46,415 (INFO) - django.utils.autoreload - /Users/mac/Movies/backend/t_3/storefront3/customers/serializers.py changed, reloading.
2025-04-29 13:24:46,748 (INFO) - django.utils.autoreload - Watching for file changes with StatReloader
2025-04-29 13:25:37,357 (INFO) - django.utils.autoreload - /Users/mac/Movies/backend/t_3/storefront3/orders/serializers.py changed, reloading.
2025-04-29 13:25:37,910 (INFO) - django.utils.autoreload - Watching for file changes with StatReloader
2025-04-29 13:25:39,072 (INFO) - django.utils.autoreload - /Users/mac/Movies/backend/t_3/storefront3/orders/serializers.py changed, reloading.
2025-04-29 13:25:39,402 (INFO) - django.utils.autoreload - Watching for file changes with StatReloader
2025-04-29 13:25:41,544 (INFO) - django.utils.autoreload - /Users/mac/Movies/backend/t_3/storefront3/orders/serializers.py changed, reloading.
2025-04-29 13:25:41,872 (INFO) - django.utils.autoreload - Watching for file changes with StatReloader
2025-04-29 13:25:43,019 (INFO) - django.utils.autoreload - /Users/mac/Movies/backend/t_3/storefront3/orders/serializers.py changed, reloading.
2025-04-29 13:25:43,355 (INFO) - django.utils.autoreload - Watching for file changes with StatReloader
2025-04-29 13:25:49,609 (INFO) - django.utils.autoreload - /Users/mac/Movies/backend/t_3/storefront3/orders/serializers.py changed, reloading.
2025-04-29 13:25:50,109 (INFO) - django.utils.autoreload - Watching for file changes with StatReloader
2025-04-29 13:26:01,660 (INFO) - django.utils.autoreload - /Users/mac/Movies/backend/t_3/storefront3/orders/serializers.py changed, reloading.
2025-04-29 13:26:02,171 (INFO) - django.utils.autoreload - Watching for file changes with StatReloader
2025-04-29 13:26:20,827 (INFO) - django.utils.autoreload - /Users/mac/Movies/backend/t_3/storefront3/orders/serializers.py changed, reloading.
2025-04-29 13:26:21,345 (INFO) - django.utils.autoreload - Watching for file changes with StatReloader
2025-04-29 13:26:25,560 (INFO) - django.utils.autoreload - /Users/mac/Movies/backend/t_3/storefront3/orders/serializers.py changed, reloading.
2025-04-29 13:26:25,910 (INFO) - django.utils.autoreload - Watching for file changes with StatReloader
2025-04-29 13:26:28,092 (INFO) - django.utils.autoreload - /Users/mac/Movies/backend/t_3/storefront3/store/serializers.py changed, reloading.
2025-04-29 13:26:28,464 (INFO) - django.utils.autoreload - Watching for file changes with StatReloader
2025-04-29 13:26:43,075 (INFO) - django.utils.autoreload - /Users/mac/Movies/backend/t_3/storefront3/orders/serializers.py changed, reloading.
2025-04-29 13:26:43,509 (INFO) - django.utils.autoreload - Watching for file changes with StatReloader
2025-04-29 13:26:48,769 (INFO) - django.utils.autoreload - /Users/mac/Movies/backend/t_3/storefront3/orders/serializers.py changed, reloading.
2025-04-29 13:26:49,187 (INFO) - django.utils.autoreload - Watching for file changes with StatReloader
2025-04-29 13:27:21,227 (INFO) - django.utils.autoreload - /Users/mac/Movies/backend/t_3/storefront3/orders/views.py changed, reloading.
2025-04-29 13:27:21,690 (INFO) - django.utils.autoreload - Watching for file changes with StatReloader
2025-04-29 13:27:40,361 (INFO) - django.utils.autoreload - /Users/mac/Movies/backend/t_3/storefront3/payments/views.py changed, reloading.
2025-04-29 13:27:40,726 (INFO) - django.utils.autoreload - Watching for file changes with StatReloader
2025-04-29 13:27:59,417 (INFO) - django.utils.autoreload - /Users/mac/Movies/backend/t_3/storefront3/payments/views.py changed, reloading.
2025-04-29 13:27:59,739 (INFO) - django.utils.autoreload - Watching for file changes with StatReloader
2025-04-29 13:28:04,010 (INFO) - django.utils.autoreload - /Users/mac/Movies/backend/t_3/storefront3/payments/views.py changed, reloading.
2025-04-29 13:28:04,385 (INFO) - django.utils.autoreload - Watching for file changes with StatReloader
2025-04-29 13:28:07,584 (INFO) - django.utils.autoreload - /Users/mac/Movies/backend/t_3/storefront3/payments/views.py changed, reloading.
2025-04-29 13:28:07,947 (INFO) - django.utils.autoreload - Watching for file changes with StatReloader
2025-04-29 13:28:11,136 (INFO) - django.utils.autoreload - /Users/mac/Movies/backend/t_3/storefront3/payments/views.py changed, reloading.
2025-04-29 13:28:11,503 (INFO) - django.utils.autoreload - Watching for file changes with StatReloader
2025-04-29 13:28:12,663 (INFO) - django.utils.autoreload - /Users/mac/Movies/backend/t_3/storefront3/payments/views.py changed, reloading.
2025-04-29 13:28:13,010 (INFO) - django.utils.autoreload - Watching for file changes with StatReloader
2025-04-29 13:28:23,520 (INFO) - django.utils.autoreload - /Users/mac/Movies/backend/t_3/storefront3/payments/views.py changed, reloading.
2025-04-29 13:28:24,058 (INFO) - django.utils.autoreload - Watching for file changes with StatReloader
2025-04-29 13:29:14,757 (INFO) - django.utils.autoreload - /Users/mac/Movies/backend/t_3/storefront3/store/views.py changed, reloading.
2025-04-29 13:29:15,127 (INFO) - django.utils.autoreload - Watching for file changes with StatReloader
2025-04-29 13:29:16,257 (INFO) - django.utils.autoreload - /Users/mac/Movies/backend/t_3/storefront3/store/views.py changed, reloading.
2025-04-29 13:29:16,570 (INFO) - django.utils.autoreload - Watching for file changes with StatReloader
2025-04-29 13:29:38,409 (INFO) - django.utils.autoreload - /Users/mac/Movies/backend/t_3/storefront3/payments/views.py changed, reloading.
2025-04-29 13:29:38,815 (INFO) - django.utils.autoreload - Watching for file changes with StatReloader
2025-04-29 13:29:42,004 (INFO) - django.utils.autoreload - /Users/mac/Movies/backend/t_3/storefront3/payments/views.py changed, reloading.
2025-04-29 13:29:42,353 (INFO) - django.utils.autoreload - Watching for file changes with StatReloader
2025-04-29 13:29:43,514 (INFO) - django.utils.autoreload - /Users/mac/Movies/backend/t_3/storefront3/payments/views.py changed, reloading.
2025-04-29 13:29:43,885 (INFO) - django.utils.autoreload - Watching for file changes with StatReloader
2025-04-29 13:29:53,245 (INFO) - django.utils.autoreload - /Users/mac/Movies/backend/t_3/storefront3/payments/views.py changed, reloading.
2025-04-29 13:29:53,655 (INFO) - django.utils.autoreload - Watching for file changes with StatReloader
2025-04-29 13:29:54,874 (INFO) - django.utils.autoreload - /Users/mac/Movies/backend/t_3/storefront3/payments/views.py changed, reloading.
2025-04-29 13:29:55,249 (INFO) - django.utils.autoreload - Watching for file changes with StatReloader
2025-04-29 13:30:00,544 (INFO) - django.utils.autoreload - /Users/mac/Movies/backend/t_3/storefront3/payments/views.py changed, reloading.
2025-04-29 13:30:00,929 (INFO) - django.utils.autoreload - Watching for file changes with StatReloader
2025-04-29 13:30:04,135 (INFO) - django.utils.autoreload - /Users/mac/Movies/backend/t_3/storefront3/payments/views.py changed, reloading.
2025-04-29 13:30:04,487 (INFO) - django.utils.autoreload - Watching for file changes with StatReloader
2025-04-29 13:30:06,697 (INFO) - django.utils.autoreload - /Users/mac/Movies/backend/t_3/storefront3/payments/views.py changed, reloading.
2025-04-29 13:30:07,046 (INFO) - django.utils.autoreload - Watching for file changes with StatReloader
2025-04-29 13:30:09,234 (INFO) - django.utils.autoreload - /Users/mac/Movies/backend/t_3/storefront3/payments/views.py changed, reloading.
2025-04-29 13:30:09,639 (INFO) - django.utils.autoreload - Watching for file changes with StatReloader
2025-04-29 13:30:19,017 (INFO) - django.utils.autoreload - /Users/mac/Movies/backend/t_3/storefront3/orders/views.py changed, reloading.
2025-04-29 13:30:19,445 (INFO) - django.utils.autoreload - Watching for file changes with StatReloader
2025-04-29 13:30:23,679 (INFO) - django.utils.autoreload - /Users/mac/Movies/backend/t_3/storefront3/orders/views.py changed, reloading.
2025-04-29 13:30:24,057 (INFO) - django.utils.autoreload - Watching for file changes with StatReloader
2025-04-29 13:30:34,478 (INFO) - django.utils.autoreload - /Users/mac/Movies/backend/t_3/storefront3/orders/urls.py changed, reloading.
2025-04-29 13:30:34,882 (INFO) - django.utils.autoreload - Watching for file changes with StatReloader
2025-04-29 13:30:40,172 (INFO) - django.utils.autoreload - /Users/mac/Movies/backend/t_3/storefront3/orders/urls.py changed, reloading.
2025-04-29 13:30:40,545 (INFO) - django.utils.autoreload - Watching for file changes with StatReloader
2025-04-29 13:30:54,105 (INFO) - django.utils.autoreload - /Users/mac/Movies/backend/t_3/storefront3/orders/urls.py changed, reloading.
2025-04-29 13:30:54,585 (INFO) - django.utils.autoreload - Watching for file changes with StatReloader
2025-04-29 13:31:05,002 (INFO) - django.utils.autoreload - /Users/mac/Movies/backend/t_3/storefront3/orders/urls.py changed, reloading.
2025-04-29 13:31:05,466 (INFO) - django.utils.autoreload - Watching for file changes with StatReloader
2025-04-29 13:31:06,668 (INFO) - django.utils.autoreload - /Users/mac/Movies/backend/t_3/storefront3/orders/urls.py changed, reloading.
2025-04-29 13:31:07,028 (INFO) - django.utils.autoreload - Watching for file changes with StatReloader
2025-04-29 13:31:19,493 (INFO) - django.utils.autoreload - /Users/mac/Movies/backend/t_3/storefront3/orders/urls.py changed, reloading.
2025-04-29 13:31:19,870 (INFO) - django.utils.autoreload - Watching for file changes with StatReloader
2025-04-29 13:31:21,024 (INFO) - django.utils.autoreload - /Users/mac/Movies/backend/t_3/storefront3/orders/urls.py changed, reloading.
2025-04-29 13:31:21,433 (INFO) - django.utils.autoreload - Watching for file changes with StatReloader
2025-04-29 13:31:25,680 (INFO) - django.utils.autoreload - /Users/mac/Movies/backend/t_3/storefront3/orders/urls.py changed, reloading.
2025-04-29 13:31:26,132 (INFO) - django.utils.autoreload - Watching for file changes with StatReloader
2025-04-29 13:32:25,959 (INFO) - django.utils.autoreload - /Users/mac/Movies/backend/t_3/storefront3/orders/urls.py changed, reloading.
2025-04-29 13:32:26,328 (INFO) - django.utils.autoreload - Watching for file changes with StatReloader
2025-04-29 13:32:50,100 (INFO) - django.utils.autoreload - /Users/mac/Movies/backend/t_3/storefront3/payments/views.py changed, reloading.
2025-04-29 13:32:50,484 (INFO) - django.utils.autoreload - Watching for file changes with StatReloader
2025-04-29 13:33:07,146 (INFO) - django.utils.autoreload - /Users/mac/Movies/backend/t_3/storefront3/payments/views.py changed, reloading.
2025-04-29 13:33:07,659 (INFO) - django.utils.autoreload - Watching for file changes with StatReloader
2025-04-29 13:33:08,858 (INFO) - django.utils.autoreload - /Users/mac/Movies/backend/t_3/storefront3/payments/views.py changed, reloading.
2025-04-29 13:33:09,212 (INFO) - django.utils.autoreload - Watching for file changes with StatReloader
2025-04-29 13:33:11,409 (INFO) - django.utils.autoreload - /Users/mac/Movies/backend/t_3/storefront3/payments/views.py changed, reloading.
2025-04-29 13:33:11,806 (INFO) - django.utils.autoreload - Watching for file changes with StatReloader
2025-04-29 13:33:18,124 (INFO) - django.utils.autoreload - /Users/mac/Movies/backend/t_3/storefront3/payments/views.py changed, reloading.
2025-04-29 13:33:18,501 (INFO) - django.utils.autoreload - Watching for file changes with StatReloader
2025-04-29 13:33:19,692 (INFO) - django.utils.autoreload - /Users/mac/Movies/backend/t_3/storefront3/payments/views.py changed, reloading.
2025-04-29 13:33:20,079 (INFO) - django.utils.autoreload - Watching for file changes with StatReloader
2025-04-29 13:37:02,727 (INFO) - django.utils.autoreload - /Users/mac/Movies/backend/t_3/storefront3/payments/models.py changed, reloading.
2025-04-29 13:37:03,136 (INFO) - django.utils.autoreload - Watching for file changes with StatReloader
2025-04-29 13:37:08,334 (INFO) - django.utils.autoreload - /Users/mac/Movies/backend/t_3/storefront3/payments/models.py changed, reloading.
2025-04-29 13:37:08,708 (INFO) - django.utils.autoreload - Watching for file changes with StatReloader
2025-04-29 13:37:12,894 (INFO) - django.utils.autoreload - /Users/mac/Movies/backend/t_3/storefront3/payments/models.py changed, reloading.
2025-04-29 13:37:13,218 (INFO) - django.utils.autoreload - Watching for file changes with StatReloader
2025-04-29 13:37:14,405 (INFO) - django.utils.autoreload - /Users/mac/Movies/backend/t_3/storefront3/payments/models.py changed, reloading.
2025-04-29 13:37:14,843 (INFO) - django.utils.autoreload - Watching for file changes with StatReloader
2025-04-29 13:41:04,047 (INFO) - django.utils.autoreload - /Users/mac/Movies/backend/t_3/storefront3/payments/urls.py changed, reloading.
2025-04-29 13:41:04,410 (INFO) - django.utils.autoreload - Watching for file changes with StatReloader
2025-04-29 13:41:06,615 (INFO) - django.utils.autoreload - /Users/mac/Movies/backend/t_3/storefront3/payments/urls.py changed, reloading.
2025-04-29 13:41:06,940 (INFO) - django.utils.autoreload - Watching for file changes with StatReloader
2025-04-29 13:41:12,207 (INFO) - django.utils.autoreload - /Users/mac/Movies/backend/t_3/storefront3/payments/urls.py changed, reloading.
2025-04-29 13:41:12,584 (INFO) - django.utils.autoreload - Watching for file changes with StatReloader
2025-04-29 13:41:13,775 (INFO) - django.utils.autoreload - /Users/mac/Movies/backend/t_3/storefront3/payments/urls.py changed, reloading.
2025-04-29 13:41:14,186 (INFO) - django.utils.autoreload - Watching for file changes with StatReloader
2025-04-29 13:41:18,441 (INFO) - django.utils.autoreload - /Users/mac/Movies/backend/t_3/storefront3/payments/urls.py changed, reloading.
2025-04-29 13:41:18,819 (INFO) - django.utils.autoreload - Watching for file changes with StatReloader
2025-04-29 13:41:20,964 (INFO) - django.utils.autoreload - /Users/mac/Movies/backend/t_3/storefront3/payments/urls.py changed, reloading.
2025-04-29 13:41:21,303 (INFO) - django.utils.autoreload - Watching for file changes with StatReloader
2025-04-29 13:41:23,466 (INFO) - django.utils.autoreload - /Users/mac/Movies/backend/t_3/storefront3/payments/urls.py changed, reloading.
2025-04-29 13:41:23,821 (INFO) - django.utils.autoreload - Watching for file changes with StatReloader
2025-04-29 13:41:24,979 (INFO) - django.utils.autoreload - /Users/mac/Movies/backend/t_3/storefront3/payments/urls.py changed, reloading.
2025-04-29 13:41:25,330 (INFO) - django.utils.autoreload - Watching for file changes with StatReloader
2025-04-29 13:41:30,633 (INFO) - django.utils.autoreload - /Users/mac/Movies/backend/t_3/storefront3/payments/views.py changed, reloading.
2025-04-29 13:41:31,017 (INFO) - django.utils.autoreload - Watching for file changes with StatReloader
2025-04-29 13:41:37,358 (INFO) - django.utils.autoreload - /Users/mac/Movies/backend/t_3/storefront3/payments/views.py changed, reloading.
2025-04-29 13:41:37,767 (INFO) - django.utils.autoreload - Watching for file changes with StatReloader
2025-04-29 13:41:45,046 (INFO) - django.utils.autoreload - /Users/mac/Movies/backend/t_3/storefront3/payments/urls.py changed, reloading.
2025-04-29 13:41:45,435 (INFO) - django.utils.autoreload - Watching for file changes with StatReloader
2025-04-29 13:41:45,496 (WARNING) - silk.profiling.profiler - Cannot execute silk_profile as silk is not installed correctly.
2025-04-29 13:41:46,603 (INFO) - django.utils.autoreload - /Users/mac/Movies/backend/t_3/storefront3/payments/urls.py changed, reloading.
2025-04-29 13:41:47,018 (INFO) - django.utils.autoreload - Watching for file changes with StatReloader
2025-04-29 13:41:47,103 (WARNING) - silk.profiling.profiler - Cannot execute silk_profile as silk is not installed correctly.
2025-04-29 13:42:45,980 (INFO) - django.utils.autoreload - /Users/mac/Movies/backend/t_3/storefront3/store/urls.py changed, reloading.
2025-04-29 13:42:46,340 (INFO) - django.utils.autoreload - Watching for file changes with StatReloader
2025-04-29 13:43:53,636 (INFO) - django.utils.autoreload - Watching for file changes with StatReloader
2025-04-29 13:44:29,791 (INFO) - django.utils.autoreload - /Users/mac/Movies/backend/t_3/storefront3/store/urls.py changed, reloading.
2025-04-29 13:44:30,159 (INFO) - django.utils.autoreload - Watching for file changes with StatReloader
2025-04-29 13:44:31,253 (INFO) - django.utils.autoreload - /Users/mac/Movies/backend/t_3/storefront3/store/urls.py changed, reloading.
2025-04-29 13:44:31,593 (INFO) - django.utils.autoreload - Watching for file changes with StatReloader
2025-04-29 13:44:37,844 (INFO) - django.utils.autoreload - /Users/mac/Movies/backend/t_3/storefront3/store/urls.py changed, reloading.
2025-04-29 13:44:38,235 (INFO) - django.utils.autoreload - Watching for file changes with StatReloader
2025-04-29 13:44:39,421 (INFO) - django.utils.autoreload - /Users/mac/Movies/backend/t_3/storefront3/store/urls.py changed, reloading.
2025-04-29 13:44:39,771 (INFO) - django.utils.autoreload - Watching for file changes with StatReloader
2025-04-29 13:44:56,403 (INFO) - django.utils.autoreload - /Users/mac/Movies/backend/t_3/storefront3/cart/urls.py changed, reloading.
2025-04-29 13:44:56,764 (INFO) - django.utils.autoreload - Watching for file changes with StatReloader
2025-04-29 13:45:28,667 (INFO) - django.utils.autoreload - /Users/mac/Movies/backend/t_3/storefront3/store/views.py changed, reloading.
2025-04-29 13:45:29,000 (INFO) - django.utils.autoreload - Watching for file changes with StatReloader
2025-04-29 13:45:32,232 (INFO) - django.utils.autoreload - /Users/mac/Movies/backend/t_3/storefront3/store/views.py changed, reloading.
2025-04-29 13:45:32,610 (INFO) - django.utils.autoreload - Watching for file changes with StatReloader
2025-04-29 13:45:45,170 (INFO) - django.utils.autoreload - /Users/mac/Movies/backend/t_3/storefront3/cart/views.py changed, reloading.
2025-04-29 13:45:45,522 (INFO) - django.utils.autoreload - Watching for file changes with StatReloader
2025-04-29 13:45:48,749 (INFO) - django.utils.autoreload - /Users/mac/Movies/backend/t_3/storefront3/cart/views.py changed, reloading.
2025-04-29 13:45:49,070 (INFO) - django.utils.autoreload - Watching for file changes with StatReloader
2025-04-29 13:45:57,429 (INFO) - django.utils.autoreload - /Users/mac/Movies/backend/t_3/storefront3/cart/views.py changed, reloading.
2025-04-29 13:45:57,819 (INFO) - django.utils.autoreload - Watching for file changes with StatReloader
2025-04-29 13:46:04,102 (INFO) - django.utils.autoreload - /Users/mac/Movies/backend/t_3/storefront3/cart/views.py changed, reloading.
2025-04-29 13:46:04,465 (INFO) - django.utils.autoreload - Watching for file changes with StatReloader
2025-04-29 13:46:08,743 (INFO) - django.utils.autoreload - /Users/mac/Movies/backend/t_3/storefront3/cart/views.py changed, reloading.
2025-04-29 13:46:09,137 (INFO) - django.utils.autoreload - Watching for file changes with StatReloader
2025-04-29 13:46:13,367 (INFO) - django.utils.autoreload - /Users/mac/Movies/backend/t_3/storefront3/cart/views.py changed, reloading.
2025-04-29 13:46:13,748 (INFO) - django.utils.autoreload - Watching for file changes with StatReloader
2025-04-29 13:46:14,918 (INFO) - django.utils.autoreload - /Users/mac/Movies/backend/t_3/storefront3/cart/views.py changed, reloading.
2025-04-29 13:46:15,266 (INFO) - django.utils.autoreload - Watching for file changes with StatReloader
2025-04-29 13:46:26,703 (INFO) - django.utils.autoreload - /Users/mac/Movies/backend/t_3/storefront3/cart/views.py changed, reloading.
2025-04-29 13:46:27,244 (INFO) - django.utils.autoreload - Watching for file changes with StatReloader
2025-04-29 13:46:28,407 (INFO) - django.utils.autoreload - /Users/mac/Movies/backend/t_3/storefront3/cart/views.py changed, reloading.
2025-04-29 13:46:28,713 (INFO) - django.utils.autoreload - Watching for file changes with StatReloader
2025-04-29 13:46:37,038 (INFO) - django.utils.autoreload - /Users/mac/Movies/backend/t_3/storefront3/cart/views.py changed, reloading.
2025-04-29 13:46:37,425 (INFO) - django.utils.autoreload - Watching for file changes with StatReloader
2025-04-29 13:46:44,722 (INFO) - django.utils.autoreload - /Users/mac/Movies/backend/t_3/storefront3/cart/views.py changed, reloading.
2025-04-29 13:46:45,109 (INFO) - django.utils.autoreload - Watching for file changes with StatReloader
2025-04-29 13:46:58,677 (INFO) - django.utils.autoreload - /Users/mac/Movies/backend/t_3/storefront3/cart/views.py changed, reloading.
2025-04-29 13:46:59,020 (INFO) - django.utils.autoreload - Watching for file changes with StatReloader
2025-04-29 13:47:08,417 (INFO) - django.utils.autoreload - /Users/mac/Movies/backend/t_3/storefront3/cart/views.py changed, reloading.
2025-04-29 13:47:08,826 (INFO) - django.utils.autoreload - Watching for file changes with StatReloader
2025-04-29 13:47:11,020 (INFO) - django.utils.autoreload - /Users/mac/Movies/backend/t_3/storefront3/cart/views.py changed, reloading.
2025-04-29 13:47:11,480 (INFO) - django.utils.autoreload - Watching for file changes with StatReloader
2025-04-29 13:47:57,978 (INFO) - django.utils.autoreload - /Users/mac/Movies/backend/t_3/storefront3/store/serializers.py changed, reloading.
2025-04-29 13:47:58,336 (INFO) - django.utils.autoreload - Watching for file changes with StatReloader
2025-04-29 13:48:03,649 (INFO) - django.utils.autoreload - /Users/mac/Movies/backend/t_3/storefront3/store/serializers.py changed, reloading.
2025-04-29 13:48:04,008 (INFO) - django.utils.autoreload - Watching for file changes with StatReloader
2025-04-29 13:48:48,359 (INFO) - django.utils.autoreload - /Users/mac/Movies/backend/t_3/storefront3/cart/views.py changed, reloading.
2025-04-29 13:48:48,865 (INFO) - django.utils.autoreload - Watching for file changes with StatReloader
2025-04-29 13:48:58,308 (INFO) - django.utils.autoreload - /Users/mac/Movies/backend/t_3/storefront3/cart/serializers.py changed, reloading.
2025-04-29 13:48:58,673 (INFO) - django.utils.autoreload - Watching for file changes with StatReloader
2025-04-29 13:49:02,922 (INFO) - django.utils.autoreload - /Users/mac/Movies/backend/t_3/storefront3/cart/serializers.py changed, reloading.
2025-04-29 13:49:03,308 (INFO) - django.utils.autoreload - Watching for file changes with StatReloader
2025-04-29 13:49:07,530 (INFO) - django.utils.autoreload - /Users/mac/Movies/backend/t_3/storefront3/cart/serializers.py changed, reloading.
2025-04-29 13:49:07,927 (INFO) - django.utils.autoreload - Watching for file changes with StatReloader
2025-04-29 13:49:16,263 (INFO) - django.utils.autoreload - /Users/mac/Movies/backend/t_3/storefront3/cart/serializers.py changed, reloading.
2025-04-29 13:49:16,759 (INFO) - django.utils.autoreload - Watching for file changes with StatReloader
2025-04-29 13:49:17,917 (INFO) - django.utils.autoreload - /Users/mac/Movies/backend/t_3/storefront3/cart/serializers.py changed, reloading.
2025-04-29 13:49:18,297 (INFO) - django.utils.autoreload - Watching for file changes with StatReloader
2025-04-29 13:49:41,161 (INFO) - django.utils.autoreload - /Users/mac/Movies/backend/t_3/storefront3/cart/serializers.py changed, reloading.
2025-04-29 13:49:41,503 (INFO) - django.utils.autoreload - Watching for file changes with StatReloader
2025-04-29 13:49:49,960 (INFO) - django.utils.autoreload - /Users/mac/Movies/backend/t_3/storefront3/cart/serializers.py changed, reloading.
2025-04-29 13:49:50,419 (INFO) - django.utils.autoreload - Watching for file changes with StatReloader
2025-04-29 13:50:18,371 (INFO) - django.utils.autoreload - /Users/mac/Movies/backend/t_3/storefront3/store/models.py changed, reloading.
2025-04-29 13:50:18,880 (INFO) - django.utils.autoreload - Watching for file changes with StatReloader
2025-04-29 13:50:29,217 (INFO) - django.utils.autoreload - /Users/mac/Movies/backend/t_3/storefront3/cart/models.py changed, reloading.
2025-04-29 13:50:29,580 (INFO) - django.utils.autoreload - Watching for file changes with StatReloader
2025-04-29 13:50:41,870 (INFO) - django.utils.autoreload - /Users/mac/Movies/backend/t_3/storefront3/cart/models.py changed, reloading.
2025-04-29 13:50:42,219 (INFO) - django.utils.autoreload - Watching for file changes with StatReloader
2025-04-29 13:50:44,392 (INFO) - django.utils.autoreload - /Users/mac/Movies/backend/t_3/storefront3/cart/models.py changed, reloading.
2025-04-29 13:50:44,807 (INFO) - django.utils.autoreload - Watching for file changes with StatReloader
2025-04-29 13:50:49,001 (INFO) - django.utils.autoreload - /Users/mac/Movies/backend/t_3/storefront3/cart/models.py changed, reloading.
2025-04-29 13:50:49,381 (INFO) - django.utils.autoreload - Watching for file changes with StatReloader
2025-04-29 13:50:50,536 (INFO) - django.utils.autoreload - /Users/mac/Movies/backend/t_3/storefront3/cart/models.py changed, reloading.
2025-04-29 13:50:50,904 (INFO) - django.utils.autoreload - Watching for file changes with StatReloader
2025-04-29 13:50:52,102 (INFO) - django.utils.autoreload - /Users/mac/Movies/backend/t_3/storefront3/cart/models.py changed, reloading.
2025-04-29 13:50:52,451 (INFO) - django.utils.autoreload - Watching for file changes with StatReloader
2025-04-29 13:51:07,896 (INFO) - django.utils.autoreload - /Users/mac/Movies/backend/t_3/storefront3/store/admin.py changed, reloading.
2025-04-29 13:51:08,475 (INFO) - django.utils.autoreload - Watching for file changes with StatReloader
2025-04-29 13:51:18,855 (INFO) - django.utils.autoreload - /Users/mac/Movies/backend/t_3/storefront3/store/admin.py changed, reloading.
2025-04-29 13:51:19,195 (INFO) - django.utils.autoreload - Watching for file changes with StatReloader
2025-04-29 13:52:03,761 (INFO) - django.utils.autoreload - /Users/mac/Movies/backend/t_3/storefront3/cart/admin.py changed, reloading.
2025-04-29 13:52:04,124 (INFO) - django.utils.autoreload - Watching for file changes with StatReloader
2025-04-29 13:52:09,381 (INFO) - django.utils.autoreload - /Users/mac/Movies/backend/t_3/storefront3/cart/admin.py changed, reloading.
2025-04-29 13:52:09,695 (INFO) - django.utils.autoreload - Watching for file changes with StatReloader
2025-04-29 13:52:10,867 (INFO) - django.utils.autoreload - /Users/mac/Movies/backend/t_3/storefront3/cart/admin.py changed, reloading.
2025-04-29 13:52:11,199 (INFO) - django.utils.autoreload - Watching for file changes with StatReloader
2025-04-29 13:52:20,616 (INFO) - django.utils.autoreload - /Users/mac/Movies/backend/t_3/storefront3/store/views.py changed, reloading.
2025-04-29 13:52:20,959 (INFO) - django.utils.autoreload - Watching for file changes with StatReloader
2025-04-29 13:52:28,318 (INFO) - django.utils.autoreload - /Users/mac/Movies/backend/t_3/storefront3/store/views.py changed, reloading.
2025-04-29 13:52:28,676 (INFO) - django.utils.autoreload - Watching for file changes with StatReloader
2025-04-29 13:52:30,810 (INFO) - django.utils.autoreload - /Users/mac/Movies/backend/t_3/storefront3/store/views.py changed, reloading.
2025-04-29 13:52:31,154 (INFO) - django.utils.autoreload - Watching for file changes with StatReloader
2025-04-29 13:52:46,635 (INFO) - django.utils.autoreload - /Users/mac/Movies/backend/t_3/storefront3/store/views.py changed, reloading.
2025-04-29 13:52:46,987 (INFO) - django.utils.autoreload - Watching for file changes with StatReloader
2025-04-29 13:52:51,163 (INFO) - django.utils.autoreload - /Users/mac/Movies/backend/t_3/storefront3/store/views.py changed, reloading.
2025-04-29 13:52:51,569 (INFO) - django.utils.autoreload - Watching for file changes with StatReloader
2025-04-29 13:52:54,768 (INFO) - django.utils.autoreload - /Users/mac/Movies/backend/t_3/storefront3/store/views.py changed, reloading.
2025-04-29 13:52:55,148 (INFO) - django.utils.autoreload - Watching for file changes with StatReloader
2025-04-29 13:53:02,519 (INFO) - django.utils.autoreload - /Users/mac/Movies/backend/t_3/storefront3/store/views.py changed, reloading.
2025-04-29 13:53:02,899 (INFO) - django.utils.autoreload - Watching for file changes with StatReloader
2025-04-29 13:55:32,644 (INFO) - django.utils.autoreload - /Users/mac/Movies/backend/t_3/storefront3/cart/views.py changed, reloading.
2025-04-29 13:55:33,167 (INFO) - django.utils.autoreload - Watching for file changes with StatReloader
2025-04-29 13:55:36,416 (INFO) - django.utils.autoreload - /Users/mac/Movies/backend/t_3/storefront3/cart/views.py changed, reloading.
2025-04-29 13:55:36,805 (INFO) - django.utils.autoreload - Watching for file changes with StatReloader
2025-04-29 13:55:41,071 (INFO) - django.utils.autoreload - /Users/mac/Movies/backend/t_3/storefront3/cart/views.py changed, reloading.
2025-04-29 13:55:41,430 (INFO) - django.utils.autoreload - Watching for file changes with StatReloader
2025-04-29 13:55:42,559 (INFO) - django.utils.autoreload - /Users/mac/Movies/backend/t_3/storefront3/cart/views.py changed, reloading.
2025-04-29 13:55:42,906 (INFO) - django.utils.autoreload - Watching for file changes with StatReloader
2025-04-29 13:55:44,041 (INFO) - django.utils.autoreload - /Users/mac/Movies/backend/t_3/storefront3/cart/views.py changed, reloading.
2025-04-29 13:55:44,395 (INFO) - django.utils.autoreload - Watching for file changes with StatReloader
2025-04-29 13:55:44,459 (WARNING) - silk.profiling.profiler - Cannot execute silk_profile as silk is not installed correctly.
2025-04-29 13:55:46,591 (INFO) - django.utils.autoreload - /Users/mac/Movies/backend/t_3/storefront3/cart/views.py changed, reloading.
2025-04-29 13:55:46,948 (INFO) - django.utils.autoreload - Watching for file changes with StatReloader
2025-04-29 13:55:47,004 (WARNING) - silk.profiling.profiler - Cannot execute silk_profile as silk is not installed correctly.
2025-04-29 13:56:29,471 (INFO) - django.utils.autoreload - /Users/mac/Movies/backend/t_3/storefront3/cart/urls.py changed, reloading.
2025-04-29 13:56:29,970 (INFO) - django.utils.autoreload - Watching for file changes with StatReloader
2025-04-29 13:56:30,054 (WARNING) - silk.profiling.profiler - Cannot execute silk_profile as silk is not installed correctly.
2025-04-29 13:56:40,558 (INFO) - django.utils.autoreload - /Users/mac/Movies/backend/t_3/storefront3/cart/urls.py changed, reloading.
2025-04-29 13:56:40,899 (INFO) - django.utils.autoreload - Watching for file changes with StatReloader
2025-04-29 13:56:40,973 (WARNING) - silk.profiling.profiler - Cannot execute silk_profile as silk is not installed correctly.
2025-04-29 13:56:44,327 (INFO) - django.utils.autoreload - /Users/mac/Movies/backend/t_3/storefront3/cart/urls.py changed, reloading.
2025-04-29 13:56:44,677 (INFO) - django.utils.autoreload - Watching for file changes with StatReloader
2025-04-29 13:56:44,726 (WARNING) - silk.profiling.profiler - Cannot execute silk_profile as silk is not installed correctly.
2025-04-29 13:57:13,262 (WARNING) - silk.profiling.profiler - Cannot execute silk_profile as silk is not installed correctly.
2025-04-29 13:57:30,215 (WARNING) - silk.profiling.profiler - Cannot execute silk_profile as silk is not installed correctly.
2025-04-29 14:06:58,246 (INFO) - django.utils.autoreload - /Users/mac/Movies/backend/t_3/storefront3/cart/urls.py changed, reloading.
2025-04-29 14:06:58,676 (INFO) - django.utils.autoreload - Watching for file changes with StatReloader
2025-04-29 14:07:35,500 (INFO) - django.utils.autoreload - Watching for file changes with StatReloader
2025-04-29 14:08:15,556 (INFO) - django.utils.autoreload - Watching for file changes with StatReloader
2025-04-29 14:10:49,691 (INFO) - django.utils.autoreload - Watching for file changes with StatReloader
2025-04-29 14:11:16,187 (INFO) - django.utils.autoreload - Watching for file changes with StatReloader
2025-04-29 14:11:41,369 (INFO) - django.utils.autoreload - Watching for file changes with StatReloader
2025-04-29 14:11:41,451 (WARNING) - silk.profiling.profiler - Cannot execute silk_profile as silk is not installed correctly.
2025-04-29 14:15:57,722 (INFO) - django.utils.autoreload - /Users/mac/Movies/backend/t_3/storefront3/cart/urls.py changed, reloading.
2025-04-29 14:15:58,249 (INFO) - django.utils.autoreload - Watching for file changes with StatReloader
2025-04-29 14:16:03,678 (INFO) - django.utils.autoreload - Watching for file changes with StatReloader
2025-04-29 14:16:28,041 (INFO) - django.utils.autoreload - Watching for file changes with StatReloader
2025-04-29 14:16:28,125 (WARNING) - silk.profiling.profiler - Cannot execute silk_profile as silk is not installed correctly.
2025-04-29 14:17:25,793 (INFO) - django.utils.autoreload - /Users/mac/Movies/backend/t_3/storefront3/cart/urls.py changed, reloading.
2025-04-29 14:17:26,168 (INFO) - django.utils.autoreload - Watching for file changes with StatReloader
2025-04-29 14:17:56,322 (INFO) - django.utils.autoreload - Watching for file changes with StatReloader
2025-04-29 14:17:56,407 (WARNING) - silk.profiling.profiler - Cannot execute silk_profile as silk is not installed correctly.
2025-04-29 14:19:45,834 (INFO) - django.utils.autoreload - /Users/mac/Movies/backend/t_3/storefront3/payments/urls.py changed, reloading.
2025-04-29 14:19:46,552 (INFO) - django.utils.autoreload - Watching for file changes with StatReloader
2025-04-29 14:20:16,117 (INFO) - django.utils.autoreload - Watching for file changes with StatReloader
2025-04-29 14:20:16,200 (WARNING) - silk.profiling.profiler - Cannot execute silk_profile as silk is not installed correctly.
2025-04-29 14:20:56,130 (INFO) - django.utils.autoreload - /Users/mac/Movies/backend/t_3/storefront3/payments/views.py changed, reloading.
2025-04-29 14:20:56,510 (INFO) - django.utils.autoreload - Watching for file changes with StatReloader
2025-04-29 14:20:56,612 (WARNING) - silk.profiling.profiler - Cannot execute silk_profile as silk is not installed correctly.
2025-04-29 14:20:59,039 (INFO) - django.utils.autoreload - /Users/mac/Movies/backend/t_3/storefront3/payments/views.py changed, reloading.
2025-04-29 14:20:59,414 (INFO) - django.utils.autoreload - Watching for file changes with StatReloader
2025-04-29 14:21:11,039 (INFO) - django.utils.autoreload - /Users/mac/Movies/backend/t_3/storefront3/payments/views.py changed, reloading.
2025-04-29 14:21:11,403 (INFO) - django.utils.autoreload - Watching for file changes with StatReloader
2025-04-29 14:21:12,602 (INFO) - django.utils.autoreload - /Users/mac/Movies/backend/t_3/storefront3/payments/views.py changed, reloading.
2025-04-29 14:21:12,945 (INFO) - django.utils.autoreload - Watching for file changes with StatReloader
2025-04-29 14:21:12,999 (WARNING) - silk.profiling.profiler - Cannot execute silk_profile as silk is not installed correctly.
2025-04-29 14:23:50,938 (INFO) - django.utils.autoreload - /Users/mac/Movies/backend/t_3/storefront3/payments/views.py changed, reloading.
2025-04-29 14:23:51,483 (INFO) - django.utils.autoreload - Watching for file changes with StatReloader
2025-04-29 14:23:53,698 (INFO) - django.utils.autoreload - /Users/mac/Movies/backend/t_3/storefront3/payments/views.py changed, reloading.
2025-04-29 14:23:54,079 (INFO) - django.utils.autoreload - Watching for file changes with StatReloader
2025-04-29 14:23:55,247 (INFO) - django.utils.autoreload - /Users/mac/Movies/backend/t_3/storefront3/payments/views.py changed, reloading.
2025-04-29 14:23:55,656 (INFO) - django.utils.autoreload - Watching for file changes with StatReloader
2025-04-29 14:23:55,761 (WARNING) - silk.profiling.profiler - Cannot execute silk_profile as silk is not installed correctly.
2025-04-29 14:23:58,066 (INFO) - django.utils.autoreload - /Users/mac/Movies/backend/t_3/storefront3/payments/views.py changed, reloading.
2025-04-29 14:23:58,431 (INFO) - django.utils.autoreload - Watching for file changes with StatReloader
2025-04-29 14:23:58,485 (WARNING) - silk.profiling.profiler - Cannot execute silk_profile as silk is not installed correctly.
2025-04-29 14:24:16,475 (INFO) - django.utils.autoreload - /Users/mac/Movies/backend/t_3/storefront3/payments/views.py changed, reloading.
2025-04-29 14:24:17,023 (INFO) - django.utils.autoreload - Watching for file changes with StatReloader
2025-04-29 14:24:17,117 (WARNING) - silk.profiling.profiler - Cannot execute silk_profile as silk is not installed correctly.
2025-04-29 14:24:19,454 (INFO) - django.utils.autoreload - /Users/mac/Movies/backend/t_3/storefront3/payments/views.py changed, reloading.
2025-04-29 14:24:19,890 (INFO) - django.utils.autoreload - Watching for file changes with StatReloader
2025-04-29 14:24:19,959 (WARNING) - silk.profiling.profiler - Cannot execute silk_profile as silk is not installed correctly.
2025-04-29 14:24:57,642 (INFO) - django.utils.autoreload - /Users/mac/Movies/backend/t_3/storefront3/payments/views.py changed, reloading.
2025-04-29 14:24:58,073 (INFO) - django.utils.autoreload - Watching for file changes with StatReloader
2025-04-29 14:24:58,158 (WARNING) - silk.profiling.profiler - Cannot execute silk_profile as silk is not installed correctly.
2025-04-29 14:24:59,362 (INFO) - django.utils.autoreload - /Users/mac/Movies/backend/t_3/storefront3/payments/views.py changed, reloading.
2025-04-29 14:24:59,747 (INFO) - django.utils.autoreload - Watching for file changes with StatReloader
2025-04-29 14:24:59,803 (WARNING) - silk.profiling.profiler - Cannot execute silk_profile as silk is not installed correctly.
2025-04-29 14:25:02,095 (INFO) - django.utils.autoreload - /Users/mac/Movies/backend/t_3/storefront3/payments/views.py changed, reloading.
2025-04-29 14:25:02,453 (INFO) - django.utils.autoreload - Watching for file changes with StatReloader
2025-04-29 14:25:02,503 (WARNING) - silk.profiling.profiler - Cannot execute silk_profile as silk is not installed correctly.
2025-04-29 14:25:05,834 (INFO) - django.utils.autoreload - /Users/mac/Movies/backend/t_3/storefront3/payments/views.py changed, reloading.
2025-04-29 14:25:06,229 (INFO) - django.utils.autoreload - Watching for file changes with StatReloader
2025-04-29 14:25:06,282 (WARNING) - silk.profiling.profiler - Cannot execute silk_profile as silk is not installed correctly.
2025-04-29 14:25:08,551 (INFO) - django.utils.autoreload - /Users/mac/Movies/backend/t_3/storefront3/payments/views.py changed, reloading.
2025-04-29 14:25:08,878 (INFO) - django.utils.autoreload - Watching for file changes with StatReloader
2025-04-29 14:25:08,926 (WARNING) - silk.profiling.profiler - Cannot execute silk_profile as silk is not installed correctly.
2025-04-29 14:25:13,251 (INFO) - django.utils.autoreload - /Users/mac/Movies/backend/t_3/storefront3/payments/views.py changed, reloading.
2025-04-29 14:25:13,635 (INFO) - django.utils.autoreload - Watching for file changes with StatReloader
2025-04-29 14:25:13,704 (WARNING) - silk.profiling.profiler - Cannot execute silk_profile as silk is not installed correctly.
2025-04-29 14:25:14,910 (INFO) - django.utils.autoreload - /Users/mac/Movies/backend/t_3/storefront3/payments/views.py changed, reloading.
2025-04-29 14:25:15,314 (INFO) - django.utils.autoreload - Watching for file changes with StatReloader
2025-04-29 14:25:15,376 (WARNING) - silk.profiling.profiler - Cannot execute silk_profile as silk is not installed correctly.
2025-04-29 14:25:16,584 (INFO) - django.utils.autoreload - /Users/mac/Movies/backend/t_3/storefront3/payments/views.py changed, reloading.
2025-04-29 14:25:16,981 (INFO) - django.utils.autoreload - Watching for file changes with StatReloader
2025-04-29 14:25:17,073 (WARNING) - silk.profiling.profiler - Cannot execute silk_profile as silk is not installed correctly.
2025-04-29 14:25:44,287 (INFO) - django.utils.autoreload - /Users/mac/Movies/backend/t_3/storefront3/payments/views.py changed, reloading.
2025-04-29 14:25:44,664 (INFO) - django.utils.autoreload - Watching for file changes with StatReloader
2025-04-29 14:25:47,890 (INFO) - django.utils.autoreload - /Users/mac/Movies/backend/t_3/storefront3/payments/views.py changed, reloading.
2025-04-29 14:25:48,282 (INFO) - django.utils.autoreload - Watching for file changes with StatReloader
2025-04-29 14:25:48,363 (WARNING) - silk.profiling.profiler - Cannot execute silk_profile as silk is not installed correctly.
2025-04-29 14:25:49,639 (INFO) - django.utils.autoreload - /Users/mac/Movies/backend/t_3/storefront3/payments/views.py changed, reloading.
2025-04-29 14:25:49,973 (INFO) - django.utils.autoreload - Watching for file changes with StatReloader
2025-04-29 14:25:50,021 (WARNING) - silk.profiling.profiler - Cannot execute silk_profile as silk is not installed correctly.
2025-04-29 14:25:52,340 (INFO) - django.utils.autoreload - /Users/mac/Movies/backend/t_3/storefront3/payments/views.py changed, reloading.
2025-04-29 14:25:52,723 (INFO) - django.utils.autoreload - Watching for file changes with StatReloader
2025-04-29 14:25:52,774 (WARNING) - silk.profiling.profiler - Cannot execute silk_profile as silk is not installed correctly.
2025-04-29 14:25:55,086 (INFO) - django.utils.autoreload - /Users/mac/Movies/backend/t_3/storefront3/payments/views.py changed, reloading.
2025-04-29 14:25:55,483 (INFO) - django.utils.autoreload - Watching for file changes with StatReloader
2025-04-29 14:25:55,538 (WARNING) - silk.profiling.profiler - Cannot execute silk_profile as silk is not installed correctly.
2025-04-29 14:26:19,596 (INFO) - django.utils.autoreload - /Users/mac/Movies/backend/t_3/storefront3/payments/views.py changed, reloading.
2025-04-29 14:26:19,937 (INFO) - django.utils.autoreload - Watching for file changes with StatReloader
2025-04-29 14:26:20,008 (WARNING) - silk.profiling.profiler - Cannot execute silk_profile as silk is not installed correctly.
2025-04-29 14:26:31,550 (INFO) - django.utils.autoreload - /Users/mac/Movies/backend/t_3/storefront3/payments/views.py changed, reloading.
2025-04-29 14:26:32,064 (INFO) - django.utils.autoreload - Watching for file changes with StatReloader
2025-04-29 14:26:32,144 (WARNING) - silk.profiling.profiler - Cannot execute silk_profile as silk is not installed correctly.
2025-04-29 14:26:34,430 (INFO) - django.utils.autoreload - /Users/mac/Movies/backend/t_3/storefront3/payments/views.py changed, reloading.
2025-04-29 14:26:34,765 (INFO) - django.utils.autoreload - Watching for file changes with StatReloader
2025-04-29 14:26:34,815 (WARNING) - silk.profiling.profiler - Cannot execute silk_profile as silk is not installed correctly.
2025-04-29 14:26:40,213 (INFO) - django.utils.autoreload - /Users/mac/Movies/backend/t_3/storefront3/payments/views.py changed, reloading.
2025-04-29 14:26:40,612 (INFO) - django.utils.autoreload - Watching for file changes with StatReloader
2025-04-29 14:26:40,675 (WARNING) - silk.profiling.profiler - Cannot execute silk_profile as silk is not installed correctly.
2025-04-29 14:26:41,886 (INFO) - django.utils.autoreload - /Users/mac/Movies/backend/t_3/storefront3/payments/views.py changed, reloading.
2025-04-29 14:26:42,256 (INFO) - django.utils.autoreload - Watching for file changes with StatReloader
2025-04-29 14:26:42,309 (WARNING) - silk.profiling.profiler - Cannot execute silk_profile as silk is not installed correctly.
2025-04-29 14:26:44,588 (INFO) - django.utils.autoreload - /Users/mac/Movies/backend/t_3/storefront3/payments/views.py changed, reloading.
2025-04-29 14:26:44,967 (INFO) - django.utils.autoreload - Watching for file changes with StatReloader
2025-04-29 14:26:45,021 (WARNING) - silk.profiling.profiler - Cannot execute silk_profile as silk is not installed correctly.
2025-04-29 14:26:50,376 (INFO) - django.utils.autoreload - /Users/mac/Movies/backend/t_3/storefront3/payments/views.py changed, reloading.
2025-04-29 14:26:50,726 (INFO) - django.utils.autoreload - Watching for file changes with StatReloader
2025-04-29 14:26:50,776 (WARNING) - silk.profiling.profiler - Cannot execute silk_profile as silk is not installed correctly.
2025-04-29 14:26:54,127 (INFO) - django.utils.autoreload - /Users/mac/Movies/backend/t_3/storefront3/payments/views.py changed, reloading.
2025-04-29 14:26:54,494 (INFO) - django.utils.autoreload - Watching for file changes with StatReloader
2025-04-29 14:26:56,649 (INFO) - django.utils.autoreload - /Users/mac/Movies/backend/t_3/storefront3/payments/views.py changed, reloading.
2025-04-29 14:26:57,042 (INFO) - django.utils.autoreload - Watching for file changes with StatReloader
2025-04-29 14:26:57,094 (WARNING) - silk.profiling.profiler - Cannot execute silk_profile as silk is not installed correctly.
2025-04-29 14:27:03,561 (INFO) - django.utils.autoreload - /Users/mac/Movies/backend/t_3/storefront3/payments/views.py changed, reloading.
2025-04-29 14:27:03,940 (INFO) - django.utils.autoreload - Watching for file changes with StatReloader
2025-04-29 14:27:03,994 (WARNING) - silk.profiling.profiler - Cannot execute silk_profile as silk is not installed correctly.
2025-04-29 14:27:06,328 (INFO) - django.utils.autoreload - /Users/mac/Movies/backend/t_3/storefront3/payments/views.py changed, reloading.
2025-04-29 14:27:06,711 (INFO) - django.utils.autoreload - Watching for file changes with StatReloader
2025-04-29 14:27:10,941 (INFO) - django.utils.autoreload - /Users/mac/Movies/backend/t_3/storefront3/payments/views.py changed, reloading.
2025-04-29 14:27:11,356 (INFO) - django.utils.autoreload - Watching for file changes with StatReloader
2025-04-29 14:27:11,415 (WARNING) - silk.profiling.profiler - Cannot execute silk_profile as silk is not installed correctly.
2025-04-29 14:28:00,322 (INFO) - django.utils.autoreload - /Users/mac/Movies/backend/t_3/storefront3/payments/serializers.py changed, reloading.
2025-04-29 14:28:00,705 (INFO) - django.utils.autoreload - Watching for file changes with StatReloader
2025-04-29 14:28:00,818 (WARNING) - silk.profiling.profiler - Cannot execute silk_profile as silk is not installed correctly.
2025-04-29 14:28:04,278 (INFO) - django.utils.autoreload - /Users/mac/Movies/backend/t_3/storefront3/payments/serializers.py changed, reloading.
2025-04-29 14:28:04,673 (INFO) - django.utils.autoreload - Watching for file changes with StatReloader
2025-04-29 14:28:08,909 (INFO) - django.utils.autoreload - /Users/mac/Movies/backend/t_3/storefront3/payments/serializers.py changed, reloading.
2025-04-29 14:28:09,270 (INFO) - django.utils.autoreload - Watching for file changes with StatReloader
2025-04-29 14:28:10,394 (INFO) - django.utils.autoreload - /Users/mac/Movies/backend/t_3/storefront3/payments/serializers.py changed, reloading.
2025-04-29 14:28:10,736 (INFO) - django.utils.autoreload - Watching for file changes with StatReloader
2025-04-29 14:28:10,790 (WARNING) - silk.profiling.profiler - Cannot execute silk_profile as silk is not installed correctly.
2025-04-29 14:28:13,041 (INFO) - django.utils.autoreload - /Users/mac/Movies/backend/t_3/storefront3/payments/serializers.py changed, reloading.
2025-04-29 14:28:13,407 (INFO) - django.utils.autoreload - Watching for file changes with StatReloader
2025-04-29 14:28:13,461 (WARNING) - silk.profiling.profiler - Cannot execute silk_profile as silk is not installed correctly.
2025-04-29 14:28:14,670 (INFO) - django.utils.autoreload - /Users/mac/Movies/backend/t_3/storefront3/payments/serializers.py changed, reloading.
2025-04-29 14:28:15,037 (INFO) - django.utils.autoreload - Watching for file changes with StatReloader
2025-04-29 14:28:15,089 (WARNING) - silk.profiling.profiler - Cannot execute silk_profile as silk is not installed correctly.
2025-04-29 14:28:16,299 (INFO) - django.utils.autoreload - /Users/mac/Movies/backend/t_3/storefront3/payments/serializers.py changed, reloading.
2025-04-29 14:28:16,701 (INFO) - django.utils.autoreload - Watching for file changes with StatReloader
2025-04-29 14:28:16,759 (WARNING) - silk.profiling.profiler - Cannot execute silk_profile as silk is not installed correctly.
2025-04-29 14:29:05,798 (INFO) - django.utils.autoreload - /Users/mac/Movies/backend/t_3/storefront3/payments/serializers.py changed, reloading.
2025-04-29 14:29:06,413 (INFO) - django.utils.autoreload - Watching for file changes with StatReloader
2025-04-29 14:29:06,498 (WARNING) - silk.profiling.profiler - Cannot execute silk_profile as silk is not installed correctly.
2025-04-29 14:29:23,449 (INFO) - django.utils.autoreload - /Users/mac/Movies/backend/t_3/storefront3/payments/views.py changed, reloading.
2025-04-29 14:29:23,905 (INFO) - django.utils.autoreload - Watching for file changes with StatReloader
2025-04-29 14:29:23,984 (WARNING) - silk.profiling.profiler - Cannot execute silk_profile as silk is not installed correctly.
2025-04-29 14:29:39,730 (INFO) - django.utils.autoreload - /Users/mac/Movies/backend/t_3/storefront3/payments/views.py changed, reloading.
2025-04-29 14:29:40,098 (INFO) - django.utils.autoreload - Watching for file changes with StatReloader
2025-04-29 14:29:42,299 (INFO) - django.utils.autoreload - /Users/mac/Movies/backend/t_3/storefront3/payments/views.py changed, reloading.
2025-04-29 14:29:42,633 (INFO) - django.utils.autoreload - Watching for file changes with StatReloader
2025-04-29 14:29:42,683 (WARNING) - silk.profiling.profiler - Cannot execute silk_profile as silk is not installed correctly.
2025-04-29 14:29:46,009 (INFO) - django.utils.autoreload - /Users/mac/Movies/backend/t_3/storefront3/payments/views.py changed, reloading.
2025-04-29 14:29:46,338 (INFO) - django.utils.autoreload - Watching for file changes with StatReloader
2025-04-29 14:29:46,391 (WARNING) - silk.profiling.profiler - Cannot execute silk_profile as silk is not installed correctly.
2025-04-29 14:29:49,803 (INFO) - django.utils.autoreload - /Users/mac/Movies/backend/t_3/storefront3/payments/views.py changed, reloading.
2025-04-29 14:29:50,182 (INFO) - django.utils.autoreload - Watching for file changes with StatReloader
2025-04-29 14:29:50,235 (WARNING) - silk.profiling.profiler - Cannot execute silk_profile as silk is not installed correctly.
2025-04-29 14:30:55,696 (INFO) - django.utils.autoreload - /Users/mac/Movies/backend/t_3/storefront3/payments/serializers.py changed, reloading.
2025-04-29 14:30:56,076 (INFO) - django.utils.autoreload - Watching for file changes with StatReloader
2025-04-29 14:30:56,154 (WARNING) - silk.profiling.profiler - Cannot execute silk_profile as silk is not installed correctly.
2025-04-29 14:30:58,436 (INFO) - django.utils.autoreload - /Users/mac/Movies/backend/t_3/storefront3/payments/serializers.py changed, reloading.
2025-04-29 14:30:58,788 (INFO) - django.utils.autoreload - Watching for file changes with StatReloader
2025-04-29 14:30:58,833 (WARNING) - silk.profiling.profiler - Cannot execute silk_profile as silk is not installed correctly.
2025-04-29 14:31:03,143 (INFO) - django.utils.autoreload - /Users/mac/Movies/backend/t_3/storefront3/payments/serializers.py changed, reloading.
2025-04-29 14:31:03,530 (INFO) - django.utils.autoreload - Watching for file changes with StatReloader
2025-04-29 14:31:07,817 (INFO) - django.utils.autoreload - /Users/mac/Movies/backend/t_3/storefront3/payments/serializers.py changed, reloading.
2025-04-29 14:31:08,200 (INFO) - django.utils.autoreload - Watching for file changes with StatReloader
2025-04-29 14:31:09,354 (INFO) - django.utils.autoreload - /Users/mac/Movies/backend/t_3/storefront3/payments/serializers.py changed, reloading.
2025-04-29 14:31:09,705 (INFO) - django.utils.autoreload - Watching for file changes with StatReloader
2025-04-29 14:31:14,955 (INFO) - django.utils.autoreload - /Users/mac/Movies/backend/t_3/storefront3/payments/serializers.py changed, reloading.
2025-04-29 14:31:15,350 (INFO) - django.utils.autoreload - Watching for file changes with StatReloader
2025-04-29 14:31:17,550 (INFO) - django.utils.autoreload - /Users/mac/Movies/backend/t_3/storefront3/payments/serializers.py changed, reloading.
2025-04-29 14:31:17,944 (INFO) - django.utils.autoreload - Watching for file changes with StatReloader
2025-04-29 14:31:39,786 (INFO) - django.utils.autoreload - /Users/mac/Movies/backend/t_3/storefront3/payments/serializers.py changed, reloading.
2025-04-29 14:31:40,135 (INFO) - django.utils.autoreload - Watching for file changes with StatReloader
2025-04-29 14:32:27,718 (INFO) - django.utils.autoreload - /Users/mac/Movies/backend/t_3/storefront3/payments/serializers.py changed, reloading.
2025-04-29 14:32:28,327 (INFO) - django.utils.autoreload - Watching for file changes with StatReloader
2025-04-29 14:32:30,559 (INFO) - django.utils.autoreload - /Users/mac/Movies/backend/t_3/storefront3/payments/serializers.py changed, reloading.
2025-04-29 14:32:30,899 (INFO) - django.utils.autoreload - Watching for file changes with StatReloader
2025-04-29 14:32:34,123 (INFO) - django.utils.autoreload - /Users/mac/Movies/backend/t_3/storefront3/payments/serializers.py changed, reloading.
2025-04-29 14:32:34,472 (INFO) - django.utils.autoreload - Watching for file changes with StatReloader
2025-04-29 14:32:39,718 (INFO) - django.utils.autoreload - /Users/mac/Movies/backend/t_3/storefront3/payments/serializers.py changed, reloading.
2025-04-29 14:32:40,166 (INFO) - django.utils.autoreload - Watching for file changes with StatReloader
2025-04-29 14:32:43,423 (INFO) - django.utils.autoreload - /Users/mac/Movies/backend/t_3/storefront3/payments/serializers.py changed, reloading.
2025-04-29 14:32:43,831 (INFO) - django.utils.autoreload - Watching for file changes with StatReloader
2025-04-29 14:32:50,154 (INFO) - django.utils.autoreload - /Users/mac/Movies/backend/t_3/storefront3/payments/serializers.py changed, reloading.
2025-04-29 14:32:50,541 (INFO) - django.utils.autoreload - Watching for file changes with StatReloader
2025-04-29 14:32:53,884 (INFO) - django.utils.autoreload - /Users/mac/Movies/backend/t_3/storefront3/payments/serializers.py changed, reloading.
2025-04-29 14:32:54,282 (INFO) - django.utils.autoreload - Watching for file changes with StatReloader
2025-04-29 14:33:35,624 (INFO) - django.utils.autoreload - /Users/mac/Movies/backend/t_3/storefront3/payments/serializers.py changed, reloading.
2025-04-29 14:33:36,077 (INFO) - django.utils.autoreload - Watching for file changes with StatReloader
2025-04-29 14:33:40,349 (INFO) - django.utils.autoreload - /Users/mac/Movies/backend/t_3/storefront3/payments/serializers.py changed, reloading.
2025-04-29 14:33:40,676 (INFO) - django.utils.autoreload - Watching for file changes with StatReloader
2025-04-29 14:33:47,978 (INFO) - django.utils.autoreload - /Users/mac/Movies/backend/t_3/storefront3/payments/serializers.py changed, reloading.
2025-04-29 14:33:48,366 (INFO) - django.utils.autoreload - Watching for file changes with StatReloader
2025-04-29 14:33:48,431 (WARNING) - silk.profiling.profiler - Cannot execute silk_profile as silk is not installed correctly.
2025-04-29 14:34:16,879 (INFO) - django.utils.autoreload - /Users/mac/Movies/backend/t_3/storefront3/payments/serializers.py changed, reloading.
2025-04-29 14:34:17,459 (INFO) - django.utils.autoreload - Watching for file changes with StatReloader
2025-04-29 14:34:18,676 (INFO) - django.utils.autoreload - /Users/mac/Movies/backend/t_3/storefront3/payments/serializers.py changed, reloading.
2025-04-29 14:34:19,066 (INFO) - django.utils.autoreload - Watching for file changes with StatReloader
2025-04-29 14:34:19,144 (WARNING) - silk.profiling.profiler - Cannot execute silk_profile as silk is not installed correctly.
2025-04-29 14:34:21,437 (INFO) - django.utils.autoreload - /Users/mac/Movies/backend/t_3/storefront3/payments/serializers.py changed, reloading.
2025-04-29 14:34:21,797 (INFO) - django.utils.autoreload - Watching for file changes with StatReloader
2025-04-29 14:34:21,850 (WARNING) - silk.profiling.profiler - Cannot execute silk_profile as silk is not installed correctly.
2025-04-29 14:35:59,678 (INFO) - django.utils.autoreload - /Users/mac/Movies/backend/t_3/storefront3/payments/serializers.py changed, reloading.
2025-04-29 14:36:00,208 (INFO) - django.utils.autoreload - Watching for file changes with StatReloader
2025-04-29 14:36:00,305 (WARNING) - silk.profiling.profiler - Cannot execute silk_profile as silk is not installed correctly.
2025-04-29 14:36:01,542 (INFO) - django.utils.autoreload - /Users/mac/Movies/backend/t_3/storefront3/payments/serializers.py changed, reloading.
2025-04-29 14:36:01,942 (INFO) - django.utils.autoreload - Watching for file changes with StatReloader
2025-04-29 14:36:01,996 (WARNING) - silk.profiling.profiler - Cannot execute silk_profile as silk is not installed correctly.
2025-04-29 14:36:03,209 (INFO) - django.utils.autoreload - /Users/mac/Movies/backend/t_3/storefront3/payments/serializers.py changed, reloading.
2025-04-29 14:36:03,642 (INFO) - django.utils.autoreload - Watching for file changes with StatReloader
2025-04-29 14:36:03,710 (WARNING) - silk.profiling.profiler - Cannot execute silk_profile as silk is not installed correctly.
2025-04-29 14:36:04,933 (INFO) - django.utils.autoreload - /Users/mac/Movies/backend/t_3/storefront3/payments/serializers.py changed, reloading.
2025-04-29 14:36:05,309 (INFO) - django.utils.autoreload - Watching for file changes with StatReloader
2025-04-29 14:36:05,366 (WARNING) - silk.profiling.profiler - Cannot execute silk_profile as silk is not installed correctly.
2025-04-29 14:36:12,861 (INFO) - django.utils.autoreload - /Users/mac/Movies/backend/t_3/storefront3/payments/serializers.py changed, reloading.
2025-04-29 14:36:13,241 (INFO) - django.utils.autoreload - Watching for file changes with StatReloader
2025-04-29 14:36:14,394 (INFO) - django.utils.autoreload - /Users/mac/Movies/backend/t_3/storefront3/payments/serializers.py changed, reloading.
2025-04-29 14:36:14,778 (INFO) - django.utils.autoreload - Watching for file changes with StatReloader
2025-04-29 14:36:14,831 (WARNING) - silk.profiling.profiler - Cannot execute silk_profile as silk is not installed correctly.
2025-04-29 14:36:27,586 (INFO) - django.utils.autoreload - /Users/mac/Movies/backend/t_3/storefront3/payments/serializers.py changed, reloading.
2025-04-29 14:36:27,950 (INFO) - django.utils.autoreload - Watching for file changes with StatReloader
2025-04-29 14:36:28,034 (WARNING) - silk.profiling.profiler - Cannot execute silk_profile as silk is not installed correctly.
2025-04-29 14:36:39,544 (ERROR) - django.request - Internal Server Error: /store/api/schema/
Traceback (most recent call last):
  File "/Users/mac/.local/share/virtualenvs/storefront3-7A2ZaXMV/lib/python3.9/site-packages/django/core/handlers/exception.py", line 55, in inner
    response = get_response(request)
  File "/Users/mac/.local/share/virtualenvs/storefront3-7A2ZaXMV/lib/python3.9/site-packages/django/core/handlers/base.py", line 197, in _get_response
    response = wrapped_callback(request, *callback_args, **callback_kwargs)
  File "/Users/mac/.local/share/virtualenvs/storefront3-7A2ZaXMV/lib/python3.9/site-packages/django/views/decorators/csrf.py", line 56, in wrapper_view
    return view_func(*args, **kwargs)
  File "/Users/mac/.local/share/virtualenvs/storefront3-7A2ZaXMV/lib/python3.9/site-packages/django/views/generic/base.py", line 104, in view
    return self.dispatch(request, *args, **kwargs)
  File "/Users/mac/.local/share/virtualenvs/storefront3-7A2ZaXMV/lib/python3.9/site-packages/rest_framework/views.py", line 515, in dispatch
    response = self.handle_exception(exc)
  File "/Users/mac/.local/share/virtualenvs/storefront3-7A2ZaXMV/lib/python3.9/site-packages/rest_framework/views.py", line 475, in handle_exception
    self.raise_uncaught_exception(exc)
  File "/Users/mac/.local/share/virtualenvs/storefront3-7A2ZaXMV/lib/python3.9/site-packages/rest_framework/views.py", line 486, in raise_uncaught_exception
    raise exc
  File "/Users/mac/.local/share/virtualenvs/storefront3-7A2ZaXMV/lib/python3.9/site-packages/rest_framework/views.py", line 512, in dispatch
    response = handler(request, *args, **kwargs)
  File "/Users/mac/.local/share/virtualenvs/storefront3-7A2ZaXMV/lib/python3.9/site-packages/drf_spectacular/views.py", line 84, in get
    return self._get_schema_response(request)
  File "/Users/mac/.local/share/virtualenvs/storefront3-7A2ZaXMV/lib/python3.9/site-packages/drf_spectacular/views.py", line 92, in _get_schema_response
    data=generator.get_schema(request=request, public=self.serve_public),
  File "/Users/mac/.local/share/virtualenvs/storefront3-7A2ZaXMV/lib/python3.9/site-packages/drf_spectacular/generators.py", line 285, in get_schema
    paths=self.parse(request, public),
  File "/Users/mac/.local/share/virtualenvs/storefront3-7A2ZaXMV/lib/python3.9/site-packages/drf_spectacular/generators.py", line 256, in parse
    operation = view.schema.get_operation(
  File "/Users/mac/.local/share/virtualenvs/storefront3-7A2ZaXMV/lib/python3.9/site-packages/drf_spectacular/openapi.py", line 100, in get_operation
    request_body = self._get_request_body()
  File "/Users/mac/.local/share/virtualenvs/storefront3-7A2ZaXMV/lib/python3.9/site-packages/drf_spectacular/openapi.py", line 1321, in _get_request_body
    schema, partial_request_body_required = self._get_request_for_media_type(serializer, direction)
  File "/Users/mac/.local/share/virtualenvs/storefront3-7A2ZaXMV/lib/python3.9/site-packages/drf_spectacular/openapi.py", line 1353, in _get_request_for_media_type
    component = self.resolve_serializer(serializer, direction)
  File "/Users/mac/.local/share/virtualenvs/storefront3-7A2ZaXMV/lib/python3.9/site-packages/drf_spectacular/openapi.py", line 1648, in resolve_serializer
    component.schema = self._map_serializer(serializer, direction, bypass_extensions)
  File "/Users/mac/.local/share/virtualenvs/storefront3-7A2ZaXMV/lib/python3.9/site-packages/drf_spectacular/openapi.py", line 949, in _map_serializer
    schema = self._map_basic_serializer(serializer, direction)
  File "/Users/mac/.local/share/virtualenvs/storefront3-7A2ZaXMV/lib/python3.9/site-packages/drf_spectacular/openapi.py", line 1042, in _map_basic_serializer
    for field in serializer.fields.values():
  File "/Users/mac/.local/share/virtualenvs/storefront3-7A2ZaXMV/lib/python3.9/site-packages/django/utils/functional.py", line 57, in __get__
    res = instance.__dict__[self.name] = self.func(instance)
  File "/Users/mac/.local/share/virtualenvs/storefront3-7A2ZaXMV/lib/python3.9/site-packages/rest_framework/serializers.py", line 374, in fields
    for key, value in self.get_fields().items():
  File "/Users/mac/.local/share/virtualenvs/storefront3-7A2ZaXMV/lib/python3.9/site-packages/rest_framework/serializers.py", line 1081, in get_fields
    field_names = self.get_field_names(declared_fields, info)
  File "/Users/mac/.local/share/virtualenvs/storefront3-7A2ZaXMV/lib/python3.9/site-packages/rest_framework/serializers.py", line 1177, in get_field_names
    assert field_name in fields, (
AssertionError: The field 'status' was declared on serializer GetReferenceSerializer, but has not been included in the 'fields' option.
2025-04-29 14:36:42,500 (ERROR) - django.request - Internal Server Error: /store/api/schema/
Traceback (most recent call last):
  File "/Users/mac/.local/share/virtualenvs/storefront3-7A2ZaXMV/lib/python3.9/site-packages/django/core/handlers/exception.py", line 55, in inner
    response = get_response(request)
  File "/Users/mac/.local/share/virtualenvs/storefront3-7A2ZaXMV/lib/python3.9/site-packages/django/core/handlers/base.py", line 197, in _get_response
    response = wrapped_callback(request, *callback_args, **callback_kwargs)
  File "/Users/mac/.local/share/virtualenvs/storefront3-7A2ZaXMV/lib/python3.9/site-packages/django/views/decorators/csrf.py", line 56, in wrapper_view
    return view_func(*args, **kwargs)
  File "/Users/mac/.local/share/virtualenvs/storefront3-7A2ZaXMV/lib/python3.9/site-packages/django/views/generic/base.py", line 104, in view
    return self.dispatch(request, *args, **kwargs)
  File "/Users/mac/.local/share/virtualenvs/storefront3-7A2ZaXMV/lib/python3.9/site-packages/rest_framework/views.py", line 515, in dispatch
    response = self.handle_exception(exc)
  File "/Users/mac/.local/share/virtualenvs/storefront3-7A2ZaXMV/lib/python3.9/site-packages/rest_framework/views.py", line 475, in handle_exception
    self.raise_uncaught_exception(exc)
  File "/Users/mac/.local/share/virtualenvs/storefront3-7A2ZaXMV/lib/python3.9/site-packages/rest_framework/views.py", line 486, in raise_uncaught_exception
    raise exc
  File "/Users/mac/.local/share/virtualenvs/storefront3-7A2ZaXMV/lib/python3.9/site-packages/rest_framework/views.py", line 512, in dispatch
    response = handler(request, *args, **kwargs)
  File "/Users/mac/.local/share/virtualenvs/storefront3-7A2ZaXMV/lib/python3.9/site-packages/drf_spectacular/views.py", line 84, in get
    return self._get_schema_response(request)
  File "/Users/mac/.local/share/virtualenvs/storefront3-7A2ZaXMV/lib/python3.9/site-packages/drf_spectacular/views.py", line 92, in _get_schema_response
    data=generator.get_schema(request=request, public=self.serve_public),
  File "/Users/mac/.local/share/virtualenvs/storefront3-7A2ZaXMV/lib/python3.9/site-packages/drf_spectacular/generators.py", line 285, in get_schema
    paths=self.parse(request, public),
  File "/Users/mac/.local/share/virtualenvs/storefront3-7A2ZaXMV/lib/python3.9/site-packages/drf_spectacular/generators.py", line 256, in parse
    operation = view.schema.get_operation(
  File "/Users/mac/.local/share/virtualenvs/storefront3-7A2ZaXMV/lib/python3.9/site-packages/drf_spectacular/openapi.py", line 100, in get_operation
    request_body = self._get_request_body()
  File "/Users/mac/.local/share/virtualenvs/storefront3-7A2ZaXMV/lib/python3.9/site-packages/drf_spectacular/openapi.py", line 1321, in _get_request_body
    schema, partial_request_body_required = self._get_request_for_media_type(serializer, direction)
  File "/Users/mac/.local/share/virtualenvs/storefront3-7A2ZaXMV/lib/python3.9/site-packages/drf_spectacular/openapi.py", line 1353, in _get_request_for_media_type
    component = self.resolve_serializer(serializer, direction)
  File "/Users/mac/.local/share/virtualenvs/storefront3-7A2ZaXMV/lib/python3.9/site-packages/drf_spectacular/openapi.py", line 1648, in resolve_serializer
    component.schema = self._map_serializer(serializer, direction, bypass_extensions)
  File "/Users/mac/.local/share/virtualenvs/storefront3-7A2ZaXMV/lib/python3.9/site-packages/drf_spectacular/openapi.py", line 949, in _map_serializer
    schema = self._map_basic_serializer(serializer, direction)
  File "/Users/mac/.local/share/virtualenvs/storefront3-7A2ZaXMV/lib/python3.9/site-packages/drf_spectacular/openapi.py", line 1042, in _map_basic_serializer
    for field in serializer.fields.values():
  File "/Users/mac/.local/share/virtualenvs/storefront3-7A2ZaXMV/lib/python3.9/site-packages/django/utils/functional.py", line 57, in __get__
    res = instance.__dict__[self.name] = self.func(instance)
  File "/Users/mac/.local/share/virtualenvs/storefront3-7A2ZaXMV/lib/python3.9/site-packages/rest_framework/serializers.py", line 374, in fields
    for key, value in self.get_fields().items():
  File "/Users/mac/.local/share/virtualenvs/storefront3-7A2ZaXMV/lib/python3.9/site-packages/rest_framework/serializers.py", line 1081, in get_fields
    field_names = self.get_field_names(declared_fields, info)
  File "/Users/mac/.local/share/virtualenvs/storefront3-7A2ZaXMV/lib/python3.9/site-packages/rest_framework/serializers.py", line 1177, in get_field_names
    assert field_name in fields, (
AssertionError: The field 'status' was declared on serializer GetReferenceSerializer, but has not been included in the 'fields' option.
2025-04-29 14:36:52,474 (INFO) - django.utils.autoreload - /Users/mac/Movies/backend/t_3/storefront3/payments/serializers.py changed, reloading.
2025-04-29 14:36:53,039 (INFO) - django.utils.autoreload - Watching for file changes with StatReloader
2025-04-29 14:36:53,129 (WARNING) - silk.profiling.profiler - Cannot execute silk_profile as silk is not installed correctly.
2025-04-29 14:38:42,193 (INFO) - django.utils.autoreload - /Users/mac/Movies/backend/t_3/storefront3/customers/urls.py changed, reloading.
2025-04-29 14:38:42,570 (INFO) - django.utils.autoreload - Watching for file changes with StatReloader
2025-04-29 14:38:42,657 (WARNING) - silk.profiling.profiler - Cannot execute silk_profile as silk is not installed correctly.
2025-04-29 14:38:50,084 (INFO) - django.utils.autoreload - /Users/mac/Movies/backend/t_3/storefront3/orders/urls.py changed, reloading.
2025-04-29 14:38:50,404 (INFO) - django.utils.autoreload - Watching for file changes with StatReloader
2025-04-29 14:38:50,470 (WARNING) - silk.profiling.profiler - Cannot execute silk_profile as silk is not installed correctly.
2025-04-29 14:39:13,540 (INFO) - django.utils.autoreload - /Users/mac/Movies/backend/t_3/storefront3/store/urls.py changed, reloading.
2025-04-29 14:39:14,100 (INFO) - django.utils.autoreload - Watching for file changes with StatReloader
2025-04-29 14:39:16,269 (INFO) - django.utils.autoreload - /Users/mac/Movies/backend/t_3/storefront3/store/urls.py changed, reloading.
2025-04-29 14:39:16,648 (INFO) - django.utils.autoreload - Watching for file changes with StatReloader
2025-04-29 14:39:16,720 (WARNING) - silk.profiling.profiler - Cannot execute silk_profile as silk is not installed correctly.
